lat,lon,name,routes 
33.745994,-84.220369,Covington Hwy @ 4523,{107 115}
33.745851,-84.220033,Covington Hwy @ 4537,{107 115}
33.744507,-84.219045,Covington Hwy @ Belvedere Sq,{107 115}
33.736588,-84.216347,Covington Hwy @ Glenwood Rd,{115}
33.735203,-84.21508,Covington Hwy @ Hanes Dr,{115}
33.73495,-84.214382,Covington Hwy @ Wesley Chapel Rd,{115}
33.735793,-84.415206,Oglethorpe Ave SW @ Evans St SW,{81}
33.73859,-84.39812,Windsor St @ Glenn St SW,{49}
33.737147,-84.40227,Ralph D Abernathy Blvd @ Mcdaniel Stsw,{40}
33.731415,-84.241641,Snapfinger Rd @ Chestnut Hill Cir (w),{86}
33.720126,-84.490309,Cascade Rd SW @ Childress Dr,{71}
33.727117,-84.39295,Pryor Rd SW @ Ridge Ave SW,{55 42}
33.730306,-84.387916,Hank Aaron Dr @ Atlanta Ave SE,{55}
33.72916,-84.38816,Hank Aaron Dr @ Vanira Ave SE,{55}
33.728989,-84.387825,Hank Aaron Dr @ Vanira Ave SE,{55}
33.728348,-84.388199,Hank Aaron Dr @ 964,{55}
33.667462,-84.434325,Willingham Dr @ Harrison Rd,{193}
33.668365,-84.437127,Willingham Dr @ Cherry St,{193}
33.609378,-84.471151,Old National Hwy @ Biscayne Dr,{89}
33.604322,-84.472084,Old National Hwy @ Jerome Rd,{89}
33.596357,-84.468803,Old National Hwy @ Burdett Rd,{89}
33.594978,-84.468704,Old National Hwy @ 5917,{89}
33.593441,-84.468414,Old National Hwy @ Lantern Ln,{89}
33.590997,-84.468731,Old National Hwy @ Wexford Dr,{89}
33.594955,-84.468369,Old National Hwy @ Burdett Rd,{89}
33.681058,-84.396581,Cleveland Ave SW @ Steele Ave SW,{78}
33.729323,-84.238426,Snapfinger Rd @ Chestnut Hill Cir (e),{86}
33.728575,-84.237443,Snapfinger Rd @ Rollingview Dr,{86}
33.727243,-84.213939,Wesley Chapel Rd @ Wesjay Ln,{111}
33.729454,-84.214088,Wesley Chapel Rd @ Maplewood Dr,{111}
33.736862,-84.397915,Ralph David Abernath Blvd @ Windsor S,{49}
33.738157,-84.40843,Ralph D Abernathy Blvd @ Metropolitan Pkwy SW,{95 40}
33.739531,-84.394602,Pryor St SW @ Crumley St SW,{42}
33.721921,-84.458451,Cascade Rd SW @ Boulevard Lorraine SW,{71}
33.721501,-84.466122,Cascade Rd SW @ Venetian Dr SW,{71}
33.732205,-84.424288,Lawton St SW @ Donnelly Ave SW,{81}
33.734623,-84.423302,Lawton St SW @ Mathews St SW,{81}
33.734406,-84.387848,Hank Aaron Dr @ Bill Lucas Dr SE,{55}
33.732845,-84.387749,Hank Aaron Dr SW @ Little St SE,{55}
33.735856,-84.394812,Pryor St @ Bass St,{42}
33.733384,-84.388108,Hank Aaron Dr SW @ Little St SE,{55}
33.733317,-84.397129,Cooper St @ Dodd Ave,{42}
33.72089,-84.468656,Cascade Rd SW @ Audubon Ct,{71}
33.734077,-84.407982,Metropolitan Pky SW @ Shelton Ave SW,{95}
33.764675,-84.255757,Memorial Dr @ 3978,{21}
33.786699,-84.264754,E Ponce De Leon Ave @ Paloma Dr,{120}
33.740581,-84.122913,East Dekalb Health Center,{116}
33.701506,-84.351036,Kipling St SE @ 1088,{49}
33.671535,-84.514315,Fairburn Rd SW @ 3070,{66}
33.766713,-84.520928,Wendell Dr SW @ Wendell Ct SW,{73}
33.766615,-84.520928,Wendell Dr SW @ Wendell Ct SW,{73}
33.794489,-84.449047,Perry Blvd NW @ Odessa Dr,{26}
33.731844,-84.390618,Ormond St SW @ Pollard Blvd,{49}
33.759895,-84.191734,Redan Rd @ 4911,{116}
33.706203,-84.119039,Chupp Rd @ 6698,{111}
33.736873,-84.394643,Pryor St @ Ralph David Abernathy Blvd,{42}
33.597991,-84.54851,Stonewall Tell Rd @ Roosevelt Hwy,{180}
33.580214,-84.530436,Oakley Rd @ Shannon Blvd,{181}
33.619573,-84.545771,S Fulton Pkwy @ Hunter Rd,{82}
33.704097,-84.182715,Miller Rd @ 2910,{86}
33.517859,-84.374614,Flint River Rd @ Roberts Rd,{191}
33.571779,-84.371648,Tara Blvd @ Flint Trl,{192}
33.579853,-84.374209,Old Dixie Rd @ Holiday Blvd,{192}
33.582234,-84.376054,Old Dixie Rd @ Upper Riverdale Rd,{192}
33.587793,-84.377913,Old Dixie Rd @ Old Dixie Way,{192}
33.591688,-84.376787,Old Dixie Rd @ Morrow Rd,{192}
33.595806,-84.377723,Old Dixie Rd @ Sylvia Dr,{192}
33.598044,-84.378365,Old Dixie Rd @ Johnson Rd,{192}
33.600013,-84.378941,Old Dixie Rd @ Windsor Dr,{192}
33.604122,-84.380105,Old Dixie Rd @ Brecken Ridge,{192}
33.606638,-84.380793,Old Dixie Rd @ Pineridge Dr,{192}
33.61131,-84.382172,Old Dixie Rd @ Agnew Dr,{192}
33.615284,-84.38313,Old Dixie Rd @ 1st St,{192}
33.618489,-84.383252,Old Dixie Rd @ 5020,{192}
33.591072,-84.427635,Riverdale Rd @ 6030,{191}
33.65234,-84.509514,Centre Pkwy @ 3000,{84}
33.651632,-84.449733,Main St @ John Wesley Ave,{172}
33.653737,-84.449334,Main St @ Princeton Ave,{172}
33.785625,-84.236858,N Decatur Rd @ N Indian Creek Dr,{117}
33.711539,-84.271114,Rainbow Way @ Candler Rd,{74}
33.719043,-84.483819,Harbin Rd @ 1333,{66}
33.747644,-84.395891,Peachtree St SW @ Brotherton Transportation Mall,{40}
33.700654,-84.354947,Turner Rd SE @ Isa Dr SE,{4}
33.713297,-84.454068,Centra Villa Dr @ W Cedar Ln,{81}
33.836841,-84.200789,Mountain Ind Blvd @ Hirsch Dr,{121}
33.675619,-84.437498,E Washington Ave @ Rn Martin St,{192}
33.675645,-84.437922,E Washington Ave @ Rn Martin St,{192}
33.675746,-84.435696,E Washington Ave @ Harris St,{192}
33.675844,-84.435544,E Washington Ave @ Harris St,{192}
33.675739,-84.4336,E Washington Ave @ Randall St,{192}
33.673386,-84.431511,Calhoun Ave @ Bayard St,{192}
33.673494,-84.43175,Calhoun Ave @ Bayard St,{192}
33.672612,-84.426526,Calhoun Ave @ Norman Berry Dr,{192}
33.76344,-84.349285,Moreland Ave NE @ 326,{6 102}
33.716303,-84.165644,Panola Rd @ Dividend Dr,{117}
33.716195,-84.165503,Panola Rd @ Dividend Dr,{117}
33.707761,-84.228504,Rainbow Dr @ Slumber Trl,{186}
33.632599,-84.493815,N Commerce Dr @ Washington Rd,{84}
33.566606,-84.413125,Sr 85 @ Roberts Dr,{196 89}
33.566382,-84.413059,Sr 85 @ Roberts Dr,{196}
33.668962,-84.428061,Norman Berry Dr @ S Martin St,{192}
33.763644,-84.464763,Joseph E Boone Blvd @ Sewanee Ave,{51}
33.76359,-84.465502,Joseph E Boone Blvd @ Sewanee Ave,{51}
33.563381,-84.585826,Washington St @ Cemetery St,{181}
33.550965,-84.46264,Sr 138 @ 2220,{89}
33.550842,-84.448217,Sr 138 @ W Fayetteville Rd,{89}
33.550476,-84.42974,Sr 138 @ Lake Ridge Pkwy,{89}
33.568244,-84.403549,Riverdale Park & Ride (on Street),{196 191}
33.550174,-84.415893,Sr 138 @ Mcelroy Dr,{89}
33.550663,-84.432052,Sr 138 @ Lake Ridge Pkwy,{89}
33.550931,-84.449323,Sr 138 @ W Fayetteville Rd,{89}
33.55374,-84.466467,Old National Hwy @ West Rd,{89}
33.632712,-84.493678,N Commerce Dr @ Washington Rd,{84}
33.617065,-84.413236,Atlanta S Pkwy @ Forest Pkwy,{191}
33.616563,-84.413343,Atlanta S Pkwy @ Forest Pkwy,{191}
33.61459,-84.410992,Atlanta S Pkwy @ 760,{191}
33.612393,-84.409366,Atlanta S Pkwy @ 650,{191}
33.612484,-84.403218,Atlanta S Pkwy @ Ga-85,{191}
33.604022,-84.34072,Jonesboro Rd @ Rex Rd,{193}
33.602353,-84.340123,Jonesboro Rd @ 5603,{193}
33.754483,-84.385283,Hurt Park,{ATLSC}
33.756022,-84.3882,Woodruff Park,{ATLSC}
33.759567,-84.389572,Carnegie Way @ Ted Turner Dr,{ATLSC}
33.758058,-84.390306,Luckie St @ Cone St,{ATLSC}
33.732697,-84.206008,Covington Hwy @ 5107,{111 115}
33.732768,-84.206052,Covington Hwy @ 5130,{111 115}
33.753159,-84.158132,Redan Rd @ 5806,{116}
33.753305,-84.158179,Redan Rd @ 5806,{116}
33.839928,-84.410287,Northside Pkwy @ 2334,{12}
33.659558,-84.529477,Old Fairburn Rd @ Camp Creek Pky,{66}
33.69696,-84.372294,Harper Rd SE @ Jernigan Dr SE,{55}
33.663733,-84.468396,Washington Rd @ W Rugby Ave,{181}
33.704997,-84.272291,Flat Shoals Rd @ Candler Rd,{74}
33.7058,-84.289859,Flat Shoals Rd @ Battle Forrest Dr,{74}
33.558027,-84.50463,Jonesboro Rd @ 3565,{89}
33.624301,-84.583739,South Fulton Pky @ Derrick Rd,{82}
33.839361,-84.424384,Howell Mill Rd @ Howell Mill Plantation,{12}
33.587784,-84.422451,Church St @ Poplar Springs Rd,{191}
33.5504,-84.420663,Sr 138 @ Howell Ln,{89}
33.634223,-84.499003,N Commerce Dr @ 4909,{84}
33.599448,-84.333638,Harper Dr @ N Lake Dr,{193}
33.590317,-84.409105,Sr 85 @ Briar Hill Ln,{196}
33.582687,-84.411374,Sr 85 @ Adams Dr,{196}
33.579204,-84.411978,Sr 85 @ King Rd,{196}
33.574879,-84.412418,Sr 85 @ Howard St,{196}
33.571365,-84.412797,Sr 85 @ Main St,{196 89}
33.573339,-84.412416,Sr 85 @ Valley Hill Rd SW,{196}
33.576061,-84.412148,Sr 85 @ Denham St,{196}
33.578398,-84.411945,Sr 85 @ Camp St,{196}
33.581881,-84.411298,Sr 85 @ Allen Dr,{196}
33.589959,-84.408909,Sr 85 @ Briar Hill Ln,{196}
33.706304,-84.299365,Flat Shoals Rd @ Clifton Church Rd SE,{74}
33.70281,-84.285158,Bull Run Dr @ Lloyd Rd,{74}
33.627954,-84.409796,Clark Howell Hwy @ Lake Mirror Rd,{191}
33.628213,-84.409775,Clark Howell Hwy @ Lake Mirror Rd,{191}
33.628266,-84.41187,Lake Mirror Rd @ New Trade Center Dr,{191}
33.637185,-84.49942,N Commerce Dr @ 4800,{84}
33.581889,-84.530497,Oakley Rd @ Oakley Commons Blvd,{181}
33.652179,-84.51328,Centre Pkwy @ 1500,{66}
33.637458,-84.4992,N Commerce Dr @ 4800,{84}
33.75192,-84.392075,Peachtree St SW @ Martin L King Jr Dr,{40}
33.550218,-84.420484,Sr 138 @ Howell Ln,{89}
33.709571,-84.27319,South Dekalb Mall (macy's),{15}
33.708219,-84.273137,South Dekalb Mall (picadilly),{15}
33.702835,-84.282744,Bull Run Dr @ Cohassett Ln,{74}
33.70525,-84.280081,Flat Shoals Rd @ Williamsburg Way,{74}
33.704935,-84.275583,Flat Shoals Rd @ 3491,{74}
33.705025,-84.275551,Flat Shoals Rd @ 3424,{74}
33.839965,-84.241172,Northlake Pkwy @ Lakeside Pkwy,{125}
33.839912,-84.241477,Northlake Pkwy @ Robinhill Dr,{125}
33.838388,-84.238649,Northlake Pkwy @ Lawrenceville Hwy,{125}
33.763663,-84.456261,Joseph E Boone Blvd NW @ New Jersey Ave NW,{51}
33.764503,-84.45748,Joseph E Boone Blvd NW @ 2125,{51}
33.763657,-84.468666,Joseph E Boone Blvd NW @  Hamilton E Holmes Dr NW,{51}
33.763636,-84.456826,Joseph E Boone Blvd NW @ 2150,{51}
33.826926,-84.256932,Montreal Rd @ Montreal Cir S,{125}
33.755522,-84.382019,Auburn Ave @ Piedmont Ave,{ATLSC}
33.758064,-84.387532,Peachtree Center Station,{ATLSC}
33.836505,-84.336814,Buford Hwy NE @ Curtis Dr NE,{39}
33.579349,-84.540354,Shannon Pkwy @ Shannon Blvd,{181}
33.694006,-84.495946,Dale Ln SW @ Country Club Ln SW,{66}
33.694111,-84.497489,Meadowlane Dr SW @ Dale Ln SW,{66}
33.655262,-84.23365,River Rd @ Linecrest Rd,{15}
33.65071,-84.357892,Forrest Park Rd SE @ Conley Rd SE,{55}
33.651803,-84.35748,Forrest Park Rd SE @ Forest Valley Dr SE,{55}
33.654945,-84.355874,Forrest Park Rd SE @ Oakshire Way SE,{55}
33.657139,-84.355506,Forrest Park Rd SE @ Eisenhower Rd SE,{55}
33.659807,-84.355474,Forrest Park Rd SE @ Pine Forest Dr SE,{55}
33.62446,-84.384613,Old Dixie Hwy @ Old Dixie Rd,{192 193}
33.623223,-84.384178,Old Dixie Rd @ Old Dixie Hwy,{192 193}
33.661468,-84.414278,S Central Ave @ Virginia Ave,{193}
33.659548,-84.411023,S Central Ave @ Dogwood Dr,{193}
33.650828,-84.393653,Porsche Ave @ Tradeport Blvd,{193}
33.659821,-84.411144,S Central Ave @ Dogwood Dr,{193}
33.661318,-84.41376,S Central Ave @ Virginia Ave,{193}
33.789213,-84.386402,Arts Center Way @ 15th St (arts Center Stn - Upper Entrance),{110}
33.771353,-84.406222,Northside Dr @ 610,{50}
33.550614,-84.438247,Sr 138 @ Petunia Dr,{89}
33.550757,-84.436375,Sr 138 @ Creekside Ln,{89}
33.537618,-84.378096,Sr 138 @ Riverview Pl,{191}
33.577051,-84.37258,Tara Blvd @ Edgemoor Ln,{192}
33.705005,-84.378503,Jonesboro Rd SE @ Sawtell Ave SE,{55}
33.705077,-84.378688,Jonesboro Rd SE @ Claire Dr SE,{55}
33.844338,-84.425116,Northside Pkwy @ 3295,{12}
33.841571,-84.42103,Northside Pkwy @ 3160,{12}
33.824259,-84.412046,Peachtree Battle Ave @ Woodward Way,{12}
33.8241,-84.408305,Peachtree Battle Ave @ Northside Dr,{12}
33.825977,-84.407497,Northside Dr @ Westover Dr,{12}
33.839972,-84.417126,Northside Pkwy @ Moores Mill Rd,{12}
33.518805,-84.66931,Center St @ Menefee St,{180}
33.620522,-84.375903,Forest Pky @ Governors Dr,{193}
33.621268,-84.37319,Forest Pky @ Georgia Ave,{193}
33.618842,-84.361368,Forest Pky @ Ash St,{55 193}
33.61608,-84.352745,Forest Pkwy @ Bartlett Dr,{55 193}
33.665852,-84.428309,Norman Berry Dr @ Willigham Dr,{192}
33.832033,-84.198925,Greer Cir @ Mountain Industrial Blvd,{121}
33.832503,-84.203038,Greer Cir @ Roadhaven Dr,{121}
33.832549,-84.204659,Greer Cir @ 4478,{121}
33.834307,-84.20828,Sarr Pkwy @ Greer Cir,{121}
33.834246,-84.21037,Sarr Pkwy @ 4401,{121}
33.833937,-84.213787,Sarr Pkwy @ Idlewood Rd,{121}
33.835896,-84.213306,Idlewood Rd @ Idlewood Ln,{121}
33.837919,-84.213303,Idlewood Rd @ Browning Chase Dr,{121}
33.840953,-84.213288,Idlewood Rd @ Elmdale Rd,{121}
33.843083,-84.213241,Idlewood Rd @ Glynbrook Dr,{121}
33.845875,-84.213248,Idlewood Rd @ 2115,{121}
33.850404,-84.21334,Idlewood Rd @ Lawrenceville Hwy,{121}
33.851859,-84.208886,Hugh Howell Rd @ Lawrenceville Hwy,{121}
33.850693,-84.20708,Hugh Howell Rd @ Cowan Rd,{121}
33.849034,-84.203328,Hugh Howell Rd @ Tucker Industrial Rd,{121}
33.648387,-84.462017,Convention Center Concourse @ Airport Dr,{82}
34.068349,-84.262888,Old Milton Pkwy @ North Point Pkwy,{185}
34.070921,-84.295185,Old Milton Pkwy @ Haynes Bridge Rd,{185}
33.584886,-84.537483,Flat Shoals Rd @ Abercorn St,{181}
33.822955,-84.415883,Howell Mill Rd NW @ Wesley Dr NW,{12}
33.788347,-84.504233,Ups Distribution Center,{50}
33.606354,-84.471671,Old National Hwy @ Surrey Trl,{89}
33.863838,-84.445129,Northside Pkwy NW @ 4111,{12}
33.616928,-84.353952,Forest Pky @ Bartlett Dr,{193}
33.620385,-84.365205,Forest Pky @ Lake Dr,{193}
33.621235,-84.373793,Forest Pkwy @ Georgia Ave,{193}
33.620755,-84.376942,Forest Pkwy @ Hale Rd,{193}
33.620143,-84.382292,Forest Pkwy @ Old Dixie Rd,{193}
33.60734,-84.403882,Sr 85 @ Lees Mill Rd,{191}
33.602612,-84.40532,Sr 85 @ Airport South Pky,{191}
33.595824,-84.407385,Sr 85 @ Eagles Crossing Way,{191}
33.595869,-84.407093,Sr 85 @ Eagles Crossing Way,{191}
33.602746,-84.40493,Sr 85 @ Airport South Pky,{191}
33.607331,-84.403567,Sr 85 @ Lees Mill Rd,{191}
33.596272,-84.428998,Riverdale Rd @ Garden Walk Blvd,{191}
33.588246,-84.423542,Riverdale Rd @ E Fayetteville Rd,{191}
33.586484,-84.421543,Riverdale Rd @ Poplar Springs Rd,{191}
33.54868,-84.415002,Sr 85 @ Sr 138,{191}
33.617944,-84.449581,Riverdale Rd @ W Fayetteville Rd,{196}
33.617667,-84.449288,Riverdale Rd @ W Fayetteville Rd,{196}
33.643641,-84.455517,Convention Center Concourse @ 2020,{82}
33.643372,-84.455625,Convention Center Concourse @ 2091,{82}
33.722972,-84.393294,Pryor Rd @ University Ave,{55 42}
33.721866,-84.487933,Lynhurst Dr SW @ Lynway Ln SW,{66}
33.52863,-84.354508,N Main St @ North Ave,{193}
33.52923,-84.354363,N Main St @ North Ave,{193}
33.525623,-84.354473,N Main St @ Spring St,{193}
33.524974,-84.354774,Spring St @ N Main St,{193}
33.523803,-84.356985,Lee St @ Spring St,{193}
33.522587,-84.358822,Smith St @ Lee St,{193}
33.522527,-84.358093,Smith St @ Lee St,{193}
33.522498,-84.36201,Smith St @ Fayetteville Rd,{193}
33.522427,-84.361743,Smith St @ Fayetteville Rd,{193}
33.579569,-84.530586,Oakley Rd @ Shannon Blvd,{181}
33.574847,-84.530361,Oakley Rd @ Mall Blvd,{181}
33.753479,-84.391745,Alabama St @ Broad St (five Points Station),{186}
33.570761,-84.539411,Shannon Pkwy @ Lancaster Ln,{181}
33.754407,-84.379845,Sweet Auburn Market,{ATLSC}
33.854138,-84.217676,Fellowship Rd @ 2nd St,{124}
33.541856,-84.416805,Sr 85 @ Lake Ridge Pky,{191}
33.536679,-84.418371,Sr 85 @ Lakeview Dr,{191}
33.533419,-84.419342,Sr 85 @ Warren Dr,{191}
33.530553,-84.420217,Sr 85 @ Pine Ridge Dr,{191}
33.52689,-84.42186,Sr 85 @ Helmer Rd,{191}
33.521767,-84.423317,Pointe South Pky @ Sr 85,{191}
33.520489,-84.42027,Pointe South Pky @ Brandon Hill Way,{191}
33.518691,-84.417731,Pointe South Pky @ Elon Trl,{191}
33.51796,-84.414262,Pointe South Pky @ Ansley Dr,{191}
33.518356,-84.411976,Pointe South Pky @ Nicholson Dr,{191}
33.518269,-84.407879,Flint River Rd SW @ Thomas Rd,{191}
33.518298,-84.404443,Flint River Rd SW @ Guthrie Dr,{191}
33.518221,-84.399706,Flint River Rd SW @ Glenwoods Dr,{191}
33.518143,-84.395327,Flint River Rd SW @ Dorsey Rd,{191}
33.518146,-84.39123,Flint River Rd SW @ Taylor Rd,{191}
33.518023,-84.387144,Flint River Rd @ Ashton Rd,{191}
33.518105,-84.383481,Flint River Rd @ Lexington Dr,{191}
33.517892,-84.379698,Flint River Rd @ Kendrick Rd,{191}
33.517789,-84.368989,Flint River Rd @ 688,{191}
33.517585,-84.365131,Flint River Rd @ Tara Blvd,{191}
33.517898,-84.366139,Flint River Rd @ Tara Blvd,{191}
33.517995,-84.369347,Flint River Rd @ 681,{191}
33.544002,-84.563468,Oakley Industrial Blvd @ Spence Rd,{188}
33.543838,-84.563521,Oakley Industrial Blvd @ Spence Rd,{188}
33.54373,-84.591719,Bohannon Rd @ 5000,{188}
33.545996,-84.59242,Bohannon Rd @ 5000,set()
33.570525,-84.372077,Tara Blvd @ Flint Trl,{192}
33.567758,-84.371772,Tara Blvd @ Alderwoods Dr,{192}
33.56424,-84.371379,Tara Blvd @ Summerwind Dr,{192}
33.561965,-84.371454,Tara Blvd @ Village Ln,{192}
33.559476,-84.371355,Tara Blvd @ Camelot Pkwy,{192}
33.556289,-84.370558,Tara Blvd @ Battle Creek Rd,{192}
33.559808,-84.371062,Tara Blvd @ Patton Rd,{192}
33.562154,-84.371118,Tara Blvd @ Village Ln,{192}
33.564795,-84.371054,Tara Blvd @ Sherwood Dr,{192}
33.568439,-84.371534,Tara Blvd @ Southside Commercial Pkwy,{192}
33.57314,-84.539421,Shannon Pkwy @ Resurrection Way,{181}
33.755565,-84.378785,Dobbs Plaza,{ATLSC}
33.763514,-84.461588,Joseph E Boone Blvd @ 2275,{51}
33.76333,-84.4627,Joseph E Boone Blvd @ 2275,{51}
33.518056,-84.374105,Flint River Rd @ Roberts Rd,{191}
33.518008,-84.380489,Flint River Rd @ Kendrick Rd,{191}
33.518186,-84.383557,Flint River Rd @ Lexington Dr,{191}
33.518094,-84.387231,Flint River Rd @ Ashton Rd,{191}
33.518262,-84.390905,Flint River Rd @ Taylor Rd,{191}
33.518215,-84.395457,Flint River Rd SW @ Dorsey Rd,{191}
33.518293,-84.399739,Flint River Rd SW @ Glenwoods Dr,{191}
33.518353,-84.403868,Flint River Rd SW @ Guthrie Dr,{191}
33.518449,-84.407478,Flint River Rd SW @ Thomas Rd,{191}
33.518606,-84.412182,Pointe South Pky @ Nicholson Dr,{191}
33.518147,-84.415021,Pointe South Pky @ Ansley Dr,{191}
33.519014,-84.417754,Pointe South Pky @ Park Villa Way,{191}
33.520785,-84.420324,Pointe South Pky @ Brandon Hill Way,{191}
33.521964,-84.423112,Pointe South Pky @ Sr 85,{191}
33.628049,-84.582476,Derrick Industrial Pkwy @ 4505,{82}
33.792834,-84.264225,E Ponce De Leon Ave @ N Decatur Rd,{120}
33.571791,-84.572253,Estes Dr @ NW Broad St,{180}
33.706461,-84.487651,Landrum Dr SW @ Childress Dr SW,{66}
33.65326,-84.51363,Centre Pkwy @ 1100,{66}
33.625173,-84.395868,Braves Dr @ Falcon Dr,{193}
33.75079,-84.393268,Peachtree St SW @ Mitchell St SW,{40}
33.57455,-84.531389,Mall Blvd @ Oakley Rd,{181}
33.656441,-84.52082,Welcome All Rd Conn @ Camp Creek Pkwy,{82}
33.656398,-84.521494,Welcome All Rd Conn @ Welcome All Rd,{82}
33.634258,-84.458059,Best Rd @ 4475,{89}
33.634191,-84.457929,Best Rd @ 4475,{89}
33.630028,-84.452287,Riverdale Rd @ Terminal Pkwy,{196}
33.629813,-84.452518,Riverdale Rd @ Airport Blvd,{196}
33.571489,-84.351297,Mt Zion Rd @ Kelly Ave,{196}
33.572649,-84.348555,Merchants Way @ Exchange Pl,{196}
33.573786,-84.350014,Southlake Mall,{196}
33.571561,-84.351145,Mt Zion Rd @ Market Pl,{196}
33.571945,-84.354724,Mt Zion Rd @ Lake Dr,{196}
33.572293,-84.357599,Mt Zion Rd @ Imperial Dr,{196}
33.504708,-84.353702,Poston Rd @ Tara Blvd,{191 192 193}
33.675233,-84.418894,Sylvan Rd @ Poplar St,{172}
33.677696,-84.437013,Irene Kidd Pkwy @ Gus Thornhill Jr Dr,{78}
33.677598,-84.436937,Irene Kidd Pkwy @ Gus Thornhill Jr Dr,{78}
33.700544,-84.169239,Walmart Dr @ Fairington Rd,{117}
33.737478,-84.401543,Mcdaniel St @ Ralph D Abernathy Blvd,{40}
33.832108,-84.407395,Northside Dr NW @ Kingswood Ln NW,{12}
33.706331,-84.115252,Chupp Rd @ Covington Hwy,{111}
33.706425,-84.115587,Chupp Rd @ Covington Hwy,{111}
33.794408,-84.44921,Perry Blvd NW @ Odessa Dr NW,{26}
33.79938,-84.460813,Ajax Dr NW @ 2223,{26}
33.771393,-84.413507,English Ave NW @ Pelham St NW,{50}
33.77014,-84.413506,English Ave NW @ North Ave NW,{50}
33.768323,-84.413504,English Ave NW @ Cameron M Alexander Blvd,{50}
33.763493,-84.439636,Joseph E Boone Blvd NW @ W Lake Dr NW,{51}
33.763655,-84.438951,Joseph E Boone Blvd @ Lanier St NW,{51}
33.791831,-84.280971,Winn Way @ Rufus Evans Dr,{117}
33.702769,-84.153945,Fairington Rd @ Willowick Dr,{86}
33.685335,-84.364793,Jonesboro Rd SE @ 2491,{55 78}
33.642453,-84.52281,Welcome All Rd SW @ 4125,{82}
33.64325,-84.52215,Welcome All Rd SW @ 4125,{82}
33.736248,-84.390893,Pollard Blvd @ Ralph D Abernathy Blvd,{49}
33.989445,-84.342049,Dunwoody Pl @ 8250,{87}
33.900584,-84.278378,Park Ave @ 3725,{39}
33.887235,-84.287469,Buford Hwy @ 5000,{39}
34.069361,-84.284805,Old Milton Pkwy @ Gardner Dr,{185}
34.069809,-84.285066,Old Milton Pkwy @ Park St,{185}
33.807315,-84.471466,Hollywood Rd @ Burtz St,{60 26}
33.707352,-84.455677,Centra Villa Dr SW @ Campbellton Rd SW,{81}
33.5729,-84.539292,Shannon Pkwy @ Resurrection Way,{181}
33.641769,-84.500388,N Commerce Dr @ 4200,{84}
33.752632,-84.493193,Martin L King Jr Dr @ Harwell Rd,{73}
33.752525,-84.493041,Martin L King Jr Dr @ Harwell Rd,{73}
33.612594,-84.403598,Atlanta S Pkwy @ Ga-85,{191}
33.708031,-84.229862,Rainbow Dr @ Rainbow Pkwy,{186}
33.587156,-84.519933,Flat Shoals Rd @ Shenfield Ln,{181}
33.659728,-84.446944,Virginia Ave @ Howell Slade Cir,{172}
33.6597,-84.448486,Virginia Ave @ Howell Slade Cir,{172}
33.880579,-84.2191,Chamblee Tucker Rd @ Tucker Norcros,{124}
33.763766,-84.385926,Peachtree Center Ave @ Peachtree St,{816}
33.718918,-84.309326,Flat Shoals Rd SE @ 2nd Ave,{74}
33.716322,-84.306708,Flat Shoals Rd @ Cook Rd,{74}
33.685433,-84.364673,Jonesboro Rd SE @ 2520,{55}
33.802098,-84.194198,Memorial Dr @ N Hairston Rd,{121}
33.76661,-84.397685,Marietta St NW @ 491,{26}
33.768881,-84.396031,Luckie St NW @ Merritts Ave,{51}
33.799665,-84.461793,Ajax Dr NW @ Addison Pl NW,{26}
33.627067,-84.457975,Best Rd @ 4736,{89}
33.7114,-84.107263,Main St @ Wiggins St,{116}
33.709303,-84.110431,Main St @ Klondike Rd,{116}
33.798759,-84.22031,Memorial Dr @ Rays Rd,{121}
33.69832,-84.37437,Browns Mill Rd SE @ 2045,{55}
33.783371,-84.417833,W Marietta St NW @ Joseph E Lowery Blvd NW,{26}
33.773411,-84.352594,N Highland Ave NE @ Ponce De Leon Ave NE,{816 102}
33.614841,-84.411049,Atlanta S Pkwy @ 775,{191}
33.817076,-84.182716,E Ponce De Leon Ave @ 5830,{120}
33.815391,-84.180761,E Ponce De Leon Ave @ Richardson St,{120}
33.919036,-84.376903,Hammond Dr @ Boylston Dr,{87}
33.547937,-84.606893,Roosevelt Hw @ 6725,{180}
33.768952,-84.396129,Luckie St NW @ Merritts Ave,{51}
33.676632,-84.369904,Jonesboro Rd SE @ Springside Dr,{55}
33.674635,-84.370684,Jonesboro Rd SE @ 2920,{55}
33.573619,-84.567786,NW Broad St @ Beverly Engram Pkwy,{181 180}
33.851262,-84.212174,Lawrenceville Hwy @ 4th St,{121 124}
33.853114,-84.209825,Lawrenceville Hwy @ Hugh Howell Rd,{124}
33.740124,-84.311061,Glenwood Ave @ Fayetteville Rd,{107}
33.845553,-84.315189,Clairmont Rd NE @ Century Blvd,{19}
33.62858,-84.472098,Roosevelt Hwy @ Herschel Rd,{180}
33.646653,-84.36486,Jonesboro Rd @ Ruskin Dr,{55}
33.643269,-84.363273,Jonesboro Rd @ Scott Rd,{55}
33.638919,-84.360937,Jonesboro Rd @ Conley Rd,{55}
33.634515,-84.358602,Jonesboro Rd @ College St,{55}
33.632564,-84.357559,Jonesboro Rd @ Ernest Dr,{55}
33.628473,-84.355929,Jonesboro Rd @ Old Jonesboro Rd,{55}
33.625823,-84.355125,Jonesboro Rd @ Grace Dr,{55}
33.811196,-84.182803,Goldsmith Park & Ride,{120}
33.791597,-84.229075,Memorial Dr @ 5019 (gptc - North Entrance),{121}
33.650269,-84.248725,Linecrest Rd @ Davana Dr,{15}
33.761335,-84.396057,Marietta St @ Baker St NW,{26}
33.705383,-84.167036,Jw Williams Sr Ln @ Hillandale Dr,{111}
33.706532,-84.163291,Alice Williams Towers,{111}
33.6396,-84.457812,W Point Ave @ Best Rd,{89}
34.071208,-84.295883,Old Milton Pky @ S Main St,{185}
33.755506,-84.374961,King Historic District,{ATLSC}
33.759425,-84.391975,Centennial Olympic Park,{ATLSC}
33.755036,-84.388211,Park Place,{ATLSC}
33.754408,-84.376378,Edgewood Ave @ Hilliard St,{ATLSC}
33.785436,-84.162164,S Stone Mountain Lithonia Rd @ Rockbridge Rd,{117}
33.818731,-84.416902,Howell Mill Rd NW @ Northcliffe Dr,{12}
33.815857,-84.415483,Howell Mill Rd NW @ Glenbrook Dr NW,{12}
33.75358,-84.390368,Peachtree St @ Wall St (five Points Station),{816 40}
33.62202,-84.408457,Clark Howell Hwy @ Old Clark Howell Hwy,{191}
33.855867,-84.183603,S Royal Atlanta Dr @ 5007,{121}
33.85563,-84.180012,S Royal Atlanta Dr @ 5087,{121}
33.857264,-84.177668,N Royal Atlanta Dr @ S Royal Atlanta Dr,{121}
33.858181,-84.180214,N Royal Atlanta Dr @ 5060,{121}
33.858545,-84.185863,N Royal Atlanta Dr @ N Royal Pl,{121}
33.846697,-84.194482,Flintstone Dr @ 2146,{121}
33.845357,-84.197075,Granite Dr @ 4701,{121}
33.845326,-84.200678,Granite Dr @ Mountaindustrial Blvd,{121}
33.627403,-84.389295,Lake Mirror Rd @ 62,{193}
33.627332,-84.38918,Lake Mirror Rd @ 62,{193}
33.611788,-84.40866,Atlanta S Pkwy @ 600,{191}
33.681029,-84.385872,Cleveland Ave SE @ 84,{178 78}
33.620717,-84.499725,Buffington Rd @ Old Fairburn Rd,{181}
33.62075,-84.499889,Buffington Rd @ Old Fairburn Rd,{181}
33.616616,-84.500221,Buffington Rd @ Buffington Center,{181}
33.617312,-84.500435,Buffington Rd @ Buffington Center,{181}
33.800911,-84.205372,Memorial Dr @ Hambrick Rd,{121}
33.731746,-84.389476,Ormond St @ Crew St SW,{49}
33.708807,-84.217192,E Side Dr @ Old Wesley Chapel Rd,{186}
33.753346,-84.389407,Pryor St SE @ Wall St SE,{186}
33.773916,-84.353067,Ponce De Leon Ave @ N Highland Ave,{2 102}
33.777318,-84.162094,S Stone Mountain Lithonia Rd @ Walker Rd,{117}
33.777478,-84.161942,S Stone Mountain Lithonia Rd @ Manass,{117}
33.726912,-84.111198,S Stone Mountain Lithonia Rd @ Marbut,{116}
33.658874,-84.423055,Virginia Ave @ Delta Blvd,{172}
33.706479,-84.113754,Covington Hwy @ Evans Mill Rd,{115}
33.566988,-84.523282,Jonesboro Rd @ Oakley Industrial Blvd,{89}
33.566881,-84.522989,Jonesboro Rd @ Oakley Industrial Blvd,{89}
33.612619,-84.524623,Welcome Rd @ 5225,{82}
33.611877,-84.524437,Welcome All Rd @ 5225,{82}
33.61465,-84.525334,Welcome All Rd @ 5145,{82}
33.988584,-84.351328,Roswell Rd @ Hightower Trl,{87}
33.959077,-84.365335,Roswell Rd @ Trowbridge Rd,{87}
33.965988,-84.363388,Roswell Rd @ 7730,{87}
33.968905,-84.361109,Roswell Rd @ Morgan Falls Rd,{87}
33.975224,-84.353232,Roswell Rd @ Ison Rd,{87}
33.977017,-84.351561,Roswell Rd @ Northridge Crossing Dr,{87}
33.654372,-84.486508,Washington Rd @ Southland Ct,{181 84}
33.661733,-84.477547,Mt Olive Rd @ Dresden Trl,{84}
33.663792,-84.477496,Mt Olive Rd @ W Rugby Ave,{84}
33.7873,-84.19536,Rockbridge Rd @ N Hairston Rd,{117}
33.693328,-84.366969,Jonesboro Rd SE @ Constitution Rd SE,{55}
33.568632,-84.468636,Old National Hwy @ Hillside Rd,{89}
33.569039,-84.46844,Old National Hwy @ Hillside Rd,{89}
33.658207,-84.244288,River Rd @ Old River Rd,{15}
33.659967,-84.504135,Redwine Rd SW @ N Commerce Dr,{82 66}
33.660308,-84.503604,Redwine Rd SW @ N Commerce Dr,{82}
33.666018,-84.359809,Hutchens Rd SE @ 916,{55}
33.711545,-84.285282,Lloyd Rd @ Hf Shepherd Dr,{74}
33.711769,-84.285641,Whites Mill Rd @ Lloyd Rd,{74}
33.636487,-84.527341,Welcome All Rd @ 4345,{82}
33.640391,-84.52401,Welcome All Rd @ 4195,{82}
33.640427,-84.524075,Welcome All Rd @ 4195,{82}
33.6484,-84.520817,Welcome All Rd @ Southmeadow Pkwy,{82}
33.648561,-84.52098,Welcome All Rd @ Southmeadow Pkwy,{82}
33.699999,-84.163646,Fairington Pkwy @ Rue Fontaine,{117}
33.699054,-84.159965,Fairington Pkwy @ Philip Bradley Dr,{117}
33.69749,-84.155894,Fairington Pkwy @ Treeview Dr,{117}
33.69601,-84.153247,Fairington Pkwy @ Fairington Club Drive,{117}
33.697099,-84.154289,Fairington Pkwy @ Fairington Ridge Cir,{117}
33.699197,-84.159628,Fairington Pkwy @ Meadowood Cir,{117}
33.700205,-84.163504,Fairington Pkwy @ Rue Fontaine,{117}
33.766236,-84.387504,Civic Center Station,{RED GOLD}
33.679932,-84.463778,Plantation Dr @ Dorsey Ave,{81}
33.721551,-84.3149,Flat Shoals Rd SE @ Brighton Blvd SE,{74}
33.703102,-84.28068,Bull Run Dr @ Norgate Ln,{74}
33.73591,-84.414967,Oglethrope Ave SW @ Evans St SW,{81}
33.992817,-84.346627,Dunwoody Pl @ Cedar Run,{87}
33.993077,-84.347099,Dunwoody Pl @ Hope Rd,{87}
33.973406,-84.357112,Roswell Rd @ Hampton De,{87}
33.974342,-84.355011,Roswell Rd @ Brantley Rd,{87}
33.974982,-84.353657,Roswell Rd @ Pitts Rd,{87}
33.909522,-84.378654,Roswell Rd NE @ Lake Placid Dr NE,{5}
33.914017,-84.379242,Roswell Rd NE @ Allen Rd NE,{5}
33.915285,-84.379235,Roswell Rd NE @ Carpenter Dr NE,{5}
33.820486,-84.364804,Lindbergh Way NE @ W Lindmont Ct,{6}
33.820585,-84.363316,Lindbergh Dr NE @ Adina Dr NE,{6}
33.820737,-84.365036,Lindbergh Dr NE @ Morosgo Way,{6}
33.706353,-84.117805,Chupp Rd @ Huber St,{111}
33.705348,-84.167253,Hillandale Dr @ Jw Williams Sr Ln,{111}
33.699403,-84.166439,W Fairington Pkwy @ Buckingham Way,{117}
33.697562,-84.168279,W Fairington Pkwy @ Turnberry Pl,{117}
33.75257,-84.486507,Martin L King Jr Dr SW @ 3050,{73 66}
33.769666,-84.53194,Wendell Dr @ 4415,{73}
33.767889,-84.524389,Wendell Dr @ Fulton Industrial Blvd,{73}
33.75738,-84.393085,Marietta St @ Centennial Olympic Park Dr,{26}
33.759832,-84.394827,Marietta St NW @ Park Ave West,{26}
33.759877,-84.394751,Marietta St @ Park Ave West,{26}
33.762042,-84.396481,Marietta St @ Latimer St,{26}
33.76333,-84.397102,Marietta St @ Simpson St,{26}
33.674194,-84.2738,River Rd @ Seabass Rd,{15}
33.749489,-84.197449,S Hairston Rd @ Fieldgreen Dr,{111}
33.749426,-84.197156,S Hairston Rd @ Fieldgreen Dr,{111}
33.716873,-84.139836,Covington Hwy @ 6835,{115}
33.560818,-84.586588,SW Broad St @ Brooks Dr,{180}
33.562972,-84.584469,SW Broad St @ Senoia Rd,{180}
33.566289,-84.581956,SW Broad St @ Smith St,{181 180}
33.659088,-84.428742,Virginia Ave @ Norman Berry Dr,{172}
33.658976,-84.428375,Virginia Ave @ Norman Berry Dr,{172}
33.922714,-84.379102,Roswell Rd NE @ Hilderbrand Dr NE,{87 5}
34.065865,-84.319,Alpharetta Hwy @ Upper Hembree Rd,{185}
34.06329,-84.322723,Alpharetta Hwy @ Hospital Blvd,{185}
33.986244,-84.341629,Dunwoody Pl @ Hightower Trl,{87}
33.69721,-84.17307,W Fairington Pkwy @ Panola Rd,{117}
33.708745,-84.217605,E Side Dr @ Old Wesley Chapel Rd,{186}
33.708321,-84.214411,Pleasantwood Dr @ E Side Dr,{186}
33.704633,-84.214645,Pleasantwood Dr @ Snapfinger Rd,{186}
33.706624,-84.217684,Snapfinger Rd @ Wesley Chapel Rd,{186}
33.763411,-84.3972,Marietta St NW @ Simpson St NW,{26}
33.721049,-84.389837,University Ave SW @ 71,{55}
33.721058,-84.390043,University Ave SW @ 71,{55}
33.7686,-84.522151,Fultin Ind Blvd SW @ Interchange Dr SW,{73}
33.991574,-84.345026,Dunwoody Pl @ 8700,{87}
33.959381,-84.365227,Roswell Rd NE @ Trowbridge Rd,{87}
33.963367,-84.364922,Roswell Rd @ 7546,{87}
33.966234,-84.362786,Roswell Rd @ 7741,{87}
33.925191,-84.379111,Roswell Rd @ Johnson Ferry Rd,{87}
33.929142,-84.379456,Roswell Rd NE @ Cromwell Rd NE,{87}
33.722192,-84.464113,Cascade Rd @ Beecher Rd,{71}
33.701371,-84.419599,Astor Ave SW @ Sylvan Ridge Dr SW,{42}
33.789669,-84.387414,Arts Center Station,{RED GOLD}
33.788828,-84.387272,Arts Center Station,{RED GOLD}
33.73778,-84.246325,Glenwood Rd @ La Mesa Ln,{107}
33.660807,-84.41221,N Central Ave @ N Whitney Ave,{172}
33.660825,-84.412373,N Central Ave @ N Whitney Ave,{172}
33.72497,-84.167452,Panola Rd @ 2221,{117}
33.746083,-84.16542,Panola Rd @ Circlestone Dr,{117}
33.745636,-84.165573,Panola Rd @ Biffle Downs Rd,{117}
33.68208,-84.394062,Old Hapeville Rd SW @ 2672,{178}
33.69968,-84.375218,Browns Mill Rd SE @ Greendale Dr SE,{55}
33.732149,-84.338233,Flat Shoals Ave SE @ Cloverdale Dr SE,{74}
33.73077,-84.336331,Flat Shoals Rd SE @ Flat Shoals Ave S,{74}
33.730654,-84.335646,Flat Shoals Rd SE @ Maynard Ter SE,{74}
34.06975,-84.298078,S Main St @ Janis Ln,{185}
33.985492,-84.350498,Roswell Rd @ Northridge Pky,{87}
33.970417,-84.359618,Roswell Rd @ 7840,{87}
33.971504,-84.358749,Roswell Rd @ 7878,{87}
33.973217,-84.357605,Roswell Rd @ Grogans Ferry Rd,{87}
33.702559,-84.398904,Pryor Rd @ Fair Dr,{42}
33.705066,-84.39882,Pryor Rd @ Pryor Cir,{42}
33.736708,-84.404538,Ralph D Abernathy Blvd @ Humphrie St,{40}
33.757062,-84.386018,Peachtree Center Ave @ John W Dobbs Ave,{816}
33.714763,-84.165669,Panola Rd @ 2523,{117}
33.863999,-84.445706,Northside Pkwy NW @ 4111,{12}
33.5594,-84.509664,Jonesboro Rd @ 3650,{89}
33.55923,-84.509598,Jonesboro Rd @ 3650,{89}
33.564093,-84.519324,Jonesboro Rd @ Miles Ter,{89}
33.564621,-84.520315,Jonesboro Rd @ Lester Rd,{89}
33.741919,-84.358202,Bill Kennedy Way SE @ Faith Ave SE,{107}
33.773122,-84.422165,Donald L Hollowell Pkwy @ Finley Ave,{50}
33.773248,-84.42198,Donald L Hollowell Pkwy @ Finley Ave,{50}
33.730717,-84.333907,Flat Shoals Rd SE @ Winfield Ave SE,{74}
33.730788,-84.333853,Flat Shoals Rd SE @ Winfield Ave SE,{74}
33.729983,-84.330103,Flat Shoals Rd SE @ Clifton Rd SE,{74}
33.730511,-84.330234,Flat Shoals Rd SE @ Rockland Dr SE,{74}
33.709011,-84.168212,Panola Rd @ Snapfinger Woods Dr,{117}
33.709271,-84.167927,Panola Rd @ Snapfinger Woods Dr,{117}
33.874994,-84.294236,Buford Hwy @ Woodside Way,{39}
34.059364,-84.244941,Alexander Dr @ 4325,{185}
33.579858,-84.469603,Old National Hwy @ Woodward Rd,{89}
33.578958,-84.469381,Old National Hwy @ Woodward Rd,{89}
33.711542,-84.166599,Panola Rd @ Shirewick Dr,{117}
33.711372,-84.166828,Panola Rd @ Shirewick Dr,{117}
33.60555,-84.499744,Buffington Rd @ Augusta St,{181}
33.90342,-84.37841,Roswell Rd NE @ Glenridge Dr NE,{5}
33.907636,-84.378673,Roswell Rd NE @ 5555,{5}
33.917522,-84.379041,Roswell Rd NE @ 5925,{5}
33.918831,-84.378862,Roswell Rd NE @ Hammond Dr NE,{5}
33.565558,-84.582775,W Broad St @ Smith St,{181 180}
33.786326,-84.201054,Rockbridge Rd @ Thomas Jefferson Dr,{117}
33.565434,-84.584402,Washington St @ Malone St,{181}
33.658972,-84.422827,Virginia Ave @ International Blvd,{172}
33.925374,-84.379009,Roswell Rd NE @ Johnson Ferry Rd NE,{87}
33.92717,-84.37906,Roswell Rd NE @ Sandy Springs Cir NE,{87}
33.929308,-84.37919,Roswell Rd NE @ Vernon Woods Dr NE,{87}
33.702693,-84.287677,Bull Run Dr @ Battle Forrest Dr,{74}
34.022089,-84.326413,Holcomb Bridge Rd @ Old Dogwood Rd,{185}
33.710469,-84.260064,Rainbow Dr @ 3181,{186}
33.570704,-84.468563,Old National Hwy @ Thornton Dr,{89}
33.566541,-84.468642,Old National Hwy @ Hallie Mill Rd,{89}
33.563202,-84.468713,Old National Hwy @ Bethsaida Rd,{89}
33.558197,-84.468225,Old National Hwy @ Topaz Rd,{89}
33.551198,-84.465979,Old National Hwy @ Jonesboro Rd,{89}
33.555483,-84.501478,Jonesboro Rd @ Old Jonesboro Rd,{89}
33.974358,-84.355637,Roswell Rd @ Brantley Rd,{87}
33.923721,-84.379011,Roswell Rd NE @ Mt Vernon Hwy NE,{87 5}
33.769043,-84.349058,Moreland Ave @ Druid Pl,{6 102}
33.767871,-84.349068,Moreland Ave @ Mansfield Ave,{6 102}
33.765158,-84.349242,Moreland Ave @ Euclid Ave,{6 102}
33.762357,-84.349263,Moreland Ave @ 299,{6}
33.762357,-84.349154,Moreland Ave @ 299,{6 102}
33.764899,-84.349122,Moreland Ave @ Mclendon Ave,{6 102}
33.768936,-84.348927,Moreland Ave @ Druid Pl,{6}
33.770994,-84.348895,Moreland Ave @ North Ave,{6}
33.923119,-84.370666,Johnson Ferry Rd @ Kayron Dr,{5}
33.920108,-84.379042,Roswell Rd NE @ Sandy Springs Pl NE,{5}
33.905167,-84.378537,Roswell Rd NE @ 5491,{5}
34.057182,-84.327896,Alpharetta Hwy @ 11450,{185}
34.055408,-84.329323,Alpharetta Hwy @ Greenhouse Dr,{185}
34.053848,-84.331345,Alpharetta Hwy @ Mansell Pl,{185}
33.705787,-84.126792,Chupp Rd @ Macedonia Dr,{111}
33.705706,-84.126019,Chupp Rd @ Macedonia Dr,{111}
33.705663,-84.122175,Chupp Rd @ Evans Mill Dr,{111}
33.705855,-84.121893,Chupp Rd @ Evans Mill Dr,{111}
33.704984,-84.144601,Hillandale Dr @ Fairington Rd,{86 111}
33.704788,-84.144792,Hillandale Dr @ Fairington Rd,{86 111}
33.559442,-84.507557,Jonesboro Rd @ Bethsaida Rd,{89}
33.56295,-84.518218,Jonesboro Rd @ Buffington Rd,{89}
33.559206,-84.508329,Jonesboro Rd @ Bethsaida Rd,{89}
33.55113,-84.470695,Jonesboro Rd @ Old Jonesboro Rd,{89}
33.552167,-84.465564,Old National Hwy @ Jonesboro Rd,{89}
33.55673,-84.467073,Old National Hwy @ Dalton Park,{89}
33.563479,-84.468539,Old National Hwy @ Bethsaida Rd,{89}
33.691381,-84.35314,Valley View Rd SE @ 1069,{4}
33.69696,-84.373728,Harper Rd SE @ Browns Mill Rd SE,{55}
33.69688,-84.371208,Harper Rd SE @ Burroughs Ave SE,{55}
33.688817,-84.364023,Jonesboro Rd SE @ Mcwilliams Rd SE,{55 4}
33.688665,-84.363947,Jonesboro Rd SE @ Mcwilliams Rd SE,{55}
33.771138,-84.349026,Moreland Ave @ North Ave,{6}
33.657945,-84.508734,Princeton Lakes Pkwy @ 3725,{82 66}
33.659198,-84.508976,Princeton Lakes Pky @ Redwine Rd,{82 84}
33.657379,-84.510242,Princeton Lakes Pky @ Car Mia Dr,{82 84}
33.656417,-84.512585,Princeton Lakes Pky @ Camp Creek Pky,{82 84}
33.656535,-84.511999,Princeton Lakes Pky @ Camp Creek Pky,{82 66}
33.664095,-84.525363,Fairburn Rd @ Village Park Ln,{66}
33.750593,-84.396743,Trinity Ave SW @ Ted Turner Dr SW,{49}
33.701143,-84.176201,Minola Dr @ 5220,{86}
33.701181,-84.184328,Minola Dr @ Miller Rd,{86}
33.702281,-84.183783,Miller Rd @ Chatooga Dr,{86}
33.701157,-84.178523,Minola Dr @ 5174,{86}
33.701184,-84.181304,Minola Dr @ 5094,{86}
33.561533,-84.587167,Brooks Dr @ SW Broad St,{181}
33.661665,-84.413818,N Central Ave @ Virginia Ave,{172}
33.659927,-84.410793,N Central Ave @ Dogwood Dr,{172}
33.700602,-84.349678,Isa Dr SE @ Moreland Ave SE,{49}
33.920053,-84.378914,Roswell Rd NE @ Sandy Springs Pl NE,{87 5}
33.81354,-84.414774,Howell Mill Rd @ Kipling Dr,{12}
33.902411,-84.281166,Doraville Station,{GOLD}
33.910757,-84.35189,Medical Center Station,{RED}
33.738177,-84.39834,Windsor St @ Glenn St,{49}
33.738053,-84.397014,Cooper St @ Glenn St,{49}
33.566438,-84.583711,Washington St @ Smith St,{181}
33.577194,-84.469345,Old National Hwy @ Bigwood Trl,{89}
33.576776,-84.469049,Old National Hwy @ Bigwood Trl,{89}
33.864505,-84.218164,Chamblee Tucker Rd @ Britts Gate Ln,{124}
33.860953,-84.219247,Chamblee Tucker Rd @ Brown Rd,{124}
33.856781,-84.217946,Chamblee Tucker Rd @ Morgan Rd,{124}
33.73299,-84.390901,Pollard Blvdsw @ Little St SW,{49}
33.828431,-84.258519,Montreal Rd @ Windfield Cir,{125}
33.832451,-84.417916,Howell Mill Rd NW @ Nawench Dr NW,{12}
33.910739,-84.351759,Medical Center Station,{RED}
33.732205,-84.112998,S Stone Mountain Lithonia Rd @ Chapman Rd,{116}
33.716504,-84.227068,Snapfinger Rd @ 2131,{86}
33.870297,-84.298049,Buford Hwy @ 4416,{39}
33.870708,-84.297809,Buford Hwy NE @ 4416,{39}
33.655338,-84.252293,Clevemont Rd @ 4203,{15}
33.737268,-84.232174,Glenwood Rd @ Moseri Rd,{107}
33.751696,-84.394341,Forsyth St SW @ Mitchell St SW,{49}
33.87813,-84.46919,Cumberland Transfer Center,{12}
33.841069,-84.42743,Howell Mill Rd @ Downwood Cir NW,{12}
33.837435,-84.420355,Howell Mill Rd @ Moores Mill Rd,{12}
33.6608,-84.497937,Redwine Rd @ N Commerce Dr,{82}
33.660647,-84.498707,Redwine Rd @ N Desert Dr,{82}
33.661791,-84.413883,N Central Ave @ Virginia Ave,{172}
33.664166,-84.525233,Fairburn Rd SW @ Village Park Ln,{66}
33.671212,-84.51451,Fairburn Rd @ 3070,{66}
33.707554,-84.399322,Amal Dr @ Giben Dr,{42}
33.70775,-84.400539,Amal Dr @ Giben Rd,{42}
33.708062,-84.40168,Amal Dr @ Bond Dr,{42}
33.705297,-84.401362,Bond Dr @ Ashwood Ave,{42}
33.705137,-84.398928,Ashwood Ave @ Pryor Rd,{42}
33.70691,-84.397626,Pryor Rd @ Amal Dr,{42}
33.702666,-84.39898,Pryor Rd @ Fair Dr,{42}
33.649191,-84.462909,Camp Creek Pkwy @ Airport Dr,{82}
33.75598,-84.266049,Memorial Dr @ Midway Rd,{21}
33.747257,-84.306157,Memorial Dr @ Cottage Grove Ave,{21}
33.785867,-84.265733,E Ponce De Leon Ave @ Patterson Ave,{120}
33.566371,-84.468479,Old National Hwy @ Dodd Rd,{89}
33.570543,-84.468421,Old National Hwy @ Thornton Dr,{89}
33.572334,-84.468392,Old National Hwy @ Creel Rd,{89}
33.581599,-84.469309,Old National Hwy @ Hackamore Dr,{89}
33.585073,-84.469175,Old National Hwy @ Mcghee Landing,{89}
33.70272,-84.473596,Campbellton Rd SW @ 2605,{83}
33.878029,-84.456699,Cobb Pkwy SE @ Parkway Pointe SE,{12}
33.668927,-84.428257,Norman Berry Dr @ S Martin St,{192}
33.665529,-84.428373,Norman Berry Dr @ Willingham Dr,{192}
33.686353,-84.389363,Macon Dr @ Mobley Dr,{178}
33.684223,-84.388742,Macon Dr @ Lois Ln,{178}
33.67562,-84.444721,Washington Rd @ Church St,{181 84}
34.066297,-84.304719,Main St @ Brady Pl,{185}
34.067867,-84.301102,Main St @ Maxwell Rd,{185}
33.570023,-84.538593,Lancaster Ln @ Shannon Pkwy,{89}
33.81903,-84.184845,E Ponce De Leon Ave @ Rock Mountain Blvd,{120}
33.669981,-84.426077,Maria Head Ter @ Norman Berry Dr,{192}
33.871766,-84.456297,Cobb Pkwy @ River Pkwy,{12}
33.879746,-84.459374,Cobb Pkwy @ Riverwood Pkwy,{12}
33.879222,-84.464601,Akers Mill @ Cumberland Blvd,{12}
33.879359,-84.46439,Akers Mill Rd @ Cumberland Blvd,{12}
33.880269,-84.461075,Cobb Pkwy @ 2980,{12}
33.878099,-84.45739,Cobb Pkwy @ Cumberland Blvd,{12}
33.873175,-84.45651,Cobb Pkwy @ 3220,{12}
33.663606,-84.468664,Washington Rd @ W Rugby Ave,{181}
33.662081,-84.471644,Washington Rd @ Dodson Dr Conn,{181}
33.66006,-84.476696,Washington Rd @ Charles Dr,{181}
33.659592,-84.477811,Washington Rd @ Mt Olive Rd,{181 84}
33.658723,-84.480616,Washington Rd @ Redwine Rd,{181 84}
33.658314,-84.480839,Washington Rd @ Redwine Rd,{181 84}
33.656672,-84.482108,Washington Rd @ W Potomac Dr,{181 84}
33.656411,-84.482139,Washington Rd @ W Potomac Dr,{181 84}
33.654361,-84.486767,Washington Rd @ Victoria Dr,{181 84}
33.74884,-84.39799,Ted Turner Dr @ Brotherton St,{49}
33.648561,-84.490401,Washington Rd @ Laurel Ridge Dr,{181 84}
33.90096,-84.277496,Central Ave @ Buford Hwy,{124}
34.061096,-84.324554,Alpharetta Hwy @ Hembree Rd,{185}
34.050059,-84.337621,Alpharetta Hwy @ Sun Valley Dr,{185}
34.066226,-84.309834,S Main St @ 571,{185}
33.904532,-84.24681,Oakcliff Rd @ Pleasantdale,{124}
33.664658,-84.520304,Fairburn Rd SW @ Landings North Dr,{66}
33.587319,-84.548837,Roosevelt Hwy @ 6157,{180}
33.585573,-84.549028,Roosevelt Hwy @ Turner Dr,{180}
33.585205,-84.549124,Roosevelt Hwy @ Turner Dr,{180}
33.600551,-84.544448,Roosevelt Hwy @ Mason Rd,{180}
33.594059,-84.549464,Roosevelt Hwy @ Highpoint Rd,{180}
33.686072,-84.378838,Browns Mill Rd SE @ Lydia Dr SE,{78}
33.68281,-84.365421,Jonesboro Rd @ 2640,{55}
33.659697,-84.451407,Virginia Ave @ College St,{172}
33.65984,-84.451201,Virginia Ave @ College St,{172}
33.763536,-84.441093,Joseph E Boone Blvd @ W Lake Ave NW,{51}
33.763495,-84.437353,Joseph E Boone Blvd NW @ Holly Rd NW,{51}
33.763647,-84.438016,Joseph E Boone Blvd @ Holly Rd/st,{51}
33.665842,-84.477468,Mt Olive Rd @ Stone Rd,{84}
33.665926,-84.474959,Stone Rd @ Dodson Dr,{84}
33.665902,-84.472679,Stone Rd @ Dodson Dr Conn,{84}
33.665905,-84.470496,Stone Rd @ Pebble Dr,{84}
33.665907,-84.468867,Stone Rd @ 2414,{84}
33.665903,-84.468107,Stone Rd @ Penny Ln,{84}
33.810578,-84.477506,Bolton Rd @ Parrott Ave,{26}
33.681651,-84.418652,Sylvan Rd @ Cleveland Ave,{172}
33.668179,-84.419119,Sylvan Rd @ 3107,{172}
33.665815,-84.418763,Sylvan Rd @ N Central Ave,{172}
33.664517,-84.418382,Sylvan Rd @ N Central Ave,{172}
33.618526,-84.511246,Roosevelt Hwy @ Delano Rd,{180}
33.695772,-84.349702,Moreland Ave @ Key Rd,{4 49}
33.657438,-84.426419,Inner Loop Rd @ Woolman Pl,{192}
33.658947,-84.420052,Virginia Ave @ Elkins St,{172}
33.658779,-84.418201,Virginia Ave @ Oak Ridge Ave,{172}
33.65892,-84.41819,Virginia Ave @ Oak Ridge Ave,{172}
34.060609,-84.246686,Brookside Pkwy @ Alexander Dr,{185}
33.675302,-84.504148,Hogan Rd SW @ Stone Rd SW,{66}
33.828456,-84.407489,Northside Dr NW @ W Wesley Rd NW,{12}
33.83476,-84.407355,Northside Dr NW @ Arden Rd NW,{12}
33.614373,-84.525453,Welcome All Rd @ 5145,{82}
33.623656,-84.526041,Welcome All Rd @ Kensington Cove,{82}
33.623843,-84.526215,Welcome All Rd @ Kensington Cove,{82}
33.628031,-84.527354,Welcome All Rd @ Kenwood Trl,{82}
33.628094,-84.527485,Welcome All Rd @ Kenwood Trl,{82}
33.630848,-84.529272,Welcome All Rd @ Will Lee Rd,{82}
33.630785,-84.529402,Welcome All Rd @ Will Lee Rd,{82}
33.633143,-84.532209,Welcome All Rd @ Scarborough Rd,{82}
33.684433,-84.49838,Greenbriar Pkwy SW @ 3350,{83}
33.70554,-84.135607,Hillandale Dr @ Embarcadero Dr,{86 111}
33.721407,-84.392425,University Ave SW @ Pryor Rd SW,{55}
33.749937,-84.386893,Ga State Station - Piedmont Ave,{107}
33.861832,-84.30757,Buford Hwy NE @ 4075,{39}
33.860499,-84.309286,Buford Hwy NE @ Dering Cir,{39}
33.659915,-84.508663,Princeton Lakes Pkwy SW @ Redwine Rd,{82 66}
33.978828,-84.350815,Roswell Rd @ 8215,{87}
33.981735,-84.350197,Roswell Rd @ Northridge Rd,{87}
33.934417,-84.379717,Roswell Rd NE @ 6509,{87}
33.703939,-84.457247,Delowe Dr SW @ Delowe Pl SW,{81}
33.731227,-84.33707,Flat Shoals Ave SE @ Cavanaugh Ave SE,{74}
33.722437,-84.461908,Cascade Rd SW @ Dolphin Dr SW,{71}
34.066263,-84.316296,Alpharetta Hwy @ Haney Dr,{185}
34.066277,-84.313118,Alpharetta Hwy @ Wills Rd,{185}
34.066383,-84.316063,Alpharetta Hwy @ Haney Dr,{185}
33.991476,-84.34507,Dunwoody Pl @ 8800,{87}
33.857527,-84.345308,Peachtree Rd NE @ Brookhaven Dr NE,{110}
33.911012,-84.262719,Oakcliff Rd @ 3061,{124}
33.906649,-84.254662,Oakcliff Rd @ Pin Oak Cir,{124}
33.904984,-84.254533,Oakcliff Rd @ 3417,{124}
33.902848,-84.244862,Pleasantdale Rd @ 4126,{124}
33.626383,-84.474927,Roosevelt Hwy @ Greenspring Rd,{180}
33.916242,-84.379236,Roswell Rd NE @ Cliftwood Dr NE,{5}
33.924369,-84.377367,Mt Vernon Hwy @ Boylston Dr,{5}
33.923038,-84.370644,Johnson Ferry Rd @ Kayron Dr,{5}
33.772544,-84.425263,Donald L Hollowell Pkwy @ Marietta Blvd,{50}
33.719283,-84.165486,Panola Rd @ Benton Dr,{117}
33.656981,-84.501566,Marketplace Blvd @ Shelby Ln,{82}
33.656289,-84.503225,Shelby Ln @ N Commerce Dr,{82}
33.70895,-84.237401,Rainbow Dr @ Whirlaway Dr,{186}
33.800882,-84.204012,Memorial Dr @ 5723,{121}
33.769698,-84.404665,Northside Dr NW @ North Ave NW,{50}
33.756613,-84.403902,Vine City Station,{GREEN BLUE}
33.756613,-84.404021,Vine City Station,{GREEN BLUE}
33.756478,-84.41723,Ashby Station,{GREEN BLUE}
33.756477,-84.417328,Ashby Station,{GREEN BLUE}
33.706433,-84.117696,Chupp Rd @ Huber St,{111}
33.734449,-84.390805,Pollard Blvd SW @ Bill Lucas Dr SW,{49}
33.734225,-84.390891,Pollard Blvd SW @ Bill Lucas Dr SW,{49}
33.719292,-84.165573,Panola Rd @ Benton Dr,{117}
33.73974,-84.322006,Glenwood Ave @ Terry Mill Rd,{107}
33.695108,-84.088906,Turner Hill Rd @ Stonecrest Concourse,{115}
33.693654,-84.095972,Mall Pkwy @ Stonecrest Prom,{111 115}
33.768195,-84.404914,Cameron M Alexander Blvd @ Northside Dr,{50}
33.769725,-84.404774,Northside Dr @ North Ave,{50}
33.694517,-84.088626,Turner Hill Rd @ Stonecrest Concourse,{115}
33.720053,-84.378785,Hill St SE @ Dalton St SE,{49}
33.702305,-84.089536,Covington Hwy @ Turner Hill Rd,{111 115}
33.718951,-84.378828,Hill St SE @ Nolan St SE,{49}
33.717448,-84.378827,Hill St SE @ Milton Ave SE,{49}
33.722228,-84.378721,Hill St SE @ Englewood Ave SE,{49}
33.693676,-84.097163,Mall Pkwy @ Stonecrest Prom,{111 115}
33.633322,-84.53247,Welcome All Rd @ Jailette Rd,{82}
33.752543,-84.384156,Piedmont Ave  SE @ Gilmer St SE,{107}
33.647183,-84.520727,Welcome All Rd @ 4095,{82}
33.647121,-84.520488,Welcome All Rd SW @ 4095,{82}
33.697829,-84.38985,Macon Dr @ Polar Rock Rd,{178}
33.697695,-84.390013,Macon Dr @ Polar Rock Rd,{178}
33.69677,-84.497354,Meadowlane Dr SW @ 2160,{66}
33.700677,-84.100918,Stonecrest Sq @ 7846,{116 86 111 115}
33.791456,-84.442954,Perry Blvd NW @ Habershal Dr NW,{26}
33.551044,-84.459372,Sr 138 @ Albania Dr,{89}
33.736828,-84.220556,Glenwood Ave @ Elaine Dr,{107}
33.739683,-84.32352,Glenwood Ave @ 1925,{107}
33.651277,-84.243904,Linecrest Rd @ Ridgetop Dr,{15}
33.653653,-84.236214,Linecrest Rd @ 3800,{15}
33.648661,-84.254025,Clevemont Rd @ Clevemont Ct,{15}
33.648677,-84.251604,Linecrest Rd @ Lincolndale Dr,{15}
33.656674,-84.241564,River Rd @ Ridgetop Dr,{15}
33.714711,-84.212783,New Snapfinger Woods Dr @ 4325,{86 111}
33.71489,-84.212757,New Snapfinger Woods Dr @ 4325,{186 86 111}
33.711218,-84.210173,Snapfinger Woods Dr @ E Wesley Chapel Way,{86 111}
33.715363,-84.375739,Mcdonough Blvd SE @ Eric St SE,{49}
33.613327,-84.4378,Riverdale Rd @ Phoenix Blvd,{196}
33.608826,-84.436187,Riverdale Rd @ Norman Dr,{196}
33.605255,-84.434989,Riverdale Rd @ Old Riverdale Rd,{196}
33.60159,-84.429721,Riverdale Rd @ Flat Shoals Rd,{196}
33.599065,-84.429034,Riverdale Rd @ Lake Regency Dr,{196}
33.5998,-84.428916,Riverdale Rd @ Lake Regency Dr,{196}
33.602046,-84.430047,Riverdale Rd @ Flat Shoals Rd,{196}
33.605667,-84.435141,Riverdale Rd @ Old Riverdale Rd,{196}
33.772361,-84.383497,Ponce De Leon Ave NE @ Juniper St NE,{2 102}
33.691595,-84.356812,Stonewall Dr SE @ Ohara Pl SE,{4}
33.583754,-84.549565,Roosevelt Hwy @ Dixie Lake Rd,{180}
33.583234,-84.550084,Roosevelt Hwy @ Dixie Lake Rd,{180}
33.586628,-84.528464,Flat Shoals Rd @ 4300,{181}
33.635422,-84.529558,Welcome All Rd @ 4365,{82}
33.586561,-84.531436,Flat Shoals Rd @ Oakley Rd,{181}
33.586619,-84.524753,Flat Shoals Rd @ Mallory Rd,{181}
33.586447,-84.531486,Flat Shoals Rd @ Oakley Rd,{181}
33.856319,-84.187685,S Royal Atlanta Dr @ 4950,{121}
33.608961,-84.436014,Riverdale Rd @ Shoreham Dr,{196}
33.612395,-84.436885,Riverdale Rd @ Kingswood Cir,{196}
33.596971,-84.427925,Garden Walk Blvd @ Riverdale Rd,{196 191}
33.596714,-84.425679,Garden Walk Blvd @ Garden Wood Dr,{196 191}
33.595859,-84.420785,Garden Walk Blvd @ Garden Springs Dr,{196 191}
33.595763,-84.416922,Garden Walk Blvd @ Garden Ridge Dr,{196 191}
33.594468,-84.412505,Garden Walk Blvd @ W Lees Mill Rd,{196 191}
33.59413,-84.409814,Garden Walk Blvd @ Sr 85,{196 191}
33.594327,-84.409858,Garden Walk Blvd @ Sr 85,{196 191}
33.594648,-84.412256,Garden Walk Blvd @ W Lee Mills Rd,{196 191}
33.596022,-84.417671,Garden Walk Blvd @ Garden Ridge Dr,{196 191}
33.596065,-84.420438,Garden Walk Blvd @ Garden Springs Dr,{196 191}
33.597027,-84.425994,Garden Walk Blvd @ Brookstone Rdg,{196 191}
33.597156,-84.428614,Garden Walk Blvd @ Riverdale Rd,{196}
33.534369,-84.364141,Tara Blvd @ North Ave,{192 193}
33.543405,-84.416037,Sr 85 @ Lake Ridge Pky,{191}
33.640131,-84.393428,Charles W Grant Pkwy @ College St,{192}
33.584192,-84.539994,Shannon Pkwy @ Flat Shoals Rd,{181}
33.793801,-84.273765,N Decatur Rd @ 2920,{117}
33.695973,-84.10083,Mall Pkwy @ Stonecrest Trc,{111 115}
33.695757,-84.100256,Mall Pky @ Stonecrest Trc,{111 115}
33.703071,-84.270261,Flat Shoals Rd @ 3592,{15}
33.623863,-84.35418,Jonesboro Rd @ Forest Ave,{55}
33.620829,-84.352496,Jonesboro Rd @ Marie St,{55}
33.615182,-84.350587,Forest Pky @ Jonesboro Rd,{193}
33.664772,-84.467333,Washington Rd @ Abbey Rd,{181}
33.766111,-84.387504,Civic Center Station,{RED GOLD}
33.84781,-84.367629,Buckhead Station,{RED}
33.931671,-84.351069,Sandy Springs Station,{RED}
33.845388,-84.358235,Lenox Station,{GOLD}
33.902787,-84.28061,Doraville Station,{GOLD}
33.646221,-84.503075,N Commerce Dr @ 4100,{84}
33.655913,-84.50394,N Commerce Dr @ Shelby Ln,{84}
33.703698,-84.355752,Henry Thomas Dr SE @ Thomasville Blvd SE,{49}
33.702866,-84.352558,Kipling St SE @ Henry Thomas Dr SE,{4 49}
33.766544,-84.396083,Luckie St @ Hunnicutt St,{51}
33.766705,-84.396159,Luckie St @ Hunnicutt St,{51}
33.765085,-84.396093,Luckie St @ Mills St,{51}
33.764826,-84.396179,Luckie St @ Ivan Allen Jr Blvd,{51}
33.780107,-84.414644,W Marietta St @ 800,{26}
33.804931,-84.467274,Perry Blvd @ Moore St,{26}
33.804859,-84.467252,Perry Blvd @ Moore St,{26}
33.807982,-84.474949,Peyton Rd @ James Jackson Pkwy,{26}
33.779754,-84.411766,W Marietta St @ 8th St,{26}
33.779786,-84.412298,W Marietta St @ Brady Ave,{26}
33.782203,-84.416724,W Marietta St @ 887,{26}
33.781715,-84.416523,W Marietta St @ 887,{26}
33.57232,-84.358651,Mt Zion Rd @ Imperial Dr,{196}
33.571981,-84.355614,Mt Zion Rd @ Personal Pl,{196}
33.848957,-84.198833,Hugh Howell Rd @ 4647,{121}
33.554342,-84.363852,Clayton County Library System Hq,{193}
33.705927,-84.295628,Flat Shoals Rd @ Norma Cir,{74}
33.7007,-84.350645,Isa Dr SE @ Kipling St SE,{49}
33.619354,-84.533605,S Fulton Pkwy @ Majestic Pl,{82}
33.704757,-84.147844,Dekalb Medical - Hillandale (5900),{111}
33.763349,-84.509221,Martin L King Jr Dr SW @ Adamsville Place Pkwy  SW,{73}
33.786491,-84.279284,Winn Way @ 445,{117}
33.65551,-84.403963,Porsche Ave @ South St,{193}
33.655653,-84.404002,Porsche Ave @ South St,{193}
33.531297,-84.419698,Sr 85 @ Pine Ridge Dr,{191}
33.534351,-84.418769,Sr 85 @ Webb Rd,{191}
33.537073,-84.417937,Sr 85 @ Lakeview Dr,{191}
33.547068,-84.415,Sr 85 @ Commerce Blvd,{191}
33.551062,-84.41443,Sr 85 @ Sr 138,{89 191}
33.548923,-84.413354,Sr 138 @ Sr 85,{191}
33.54684,-84.408245,Sr 138 @ Winderemere Dr,{191}
33.544686,-84.402876,Sr 138 @ Taylor Rd,{191}
33.542139,-84.395945,Sr 138 @ Antebellum Ln,{191}
33.541532,-84.392096,Sr 138 @ Rountree Rd,{191}
33.53971,-84.385318,Sr 138 @ Kendrick Rd,{191}
33.535185,-84.372078,Sr 138 SE @ Crown Way,{191}
33.525905,-84.42213,Sr 85 @ Thomas Rd,{191}
33.532278,-84.364975,North Ave @ Tara Blvd,{191}
33.53235,-84.365138,North Ave @ Tara Blvd,{191}
33.534371,-84.370885,North Ave @ Sr 138 SE,{191}
33.539933,-84.38573,Sr 138 @ Old Roundtree Rd,{191}
33.541622,-84.392193,Sr 138 @ Rountree Rd,{191}
33.542282,-84.396379,Sr 138 @ Antebellum Ln,{191}
33.544686,-84.402735,Sr 138 @ Taylor Rd,{191}
33.546832,-84.407822,Sr 138 @ Winderemere Dr,{191}
33.548816,-84.41292,Sr 138 @ Sr 85,{191}
33.588711,-84.424312,Riverdale Rd @ E Fayetteville Rd,{191}
33.593488,-84.428951,Riverdale Rd @ Walker Rd,{191}
33.624609,-84.461997,Sullivan Rd @ Southport Rd,{89}
33.667644,-84.279744,Panthersville Rd @ Jaguar Dr,{15}
33.74747,-84.379608,Hill St SE @ Martin L King Jr Dr,{186}
33.713906,-84.372272,Mcdonough Blvd SE @ Gault St SE,{49}
33.585753,-84.535167,Flat Shoals Rd @ 4483,{181}
33.58565,-84.534989,Flat Shoals Rd @ 4483,{181}
33.584997,-84.537525,Flat Shoals Rd @ Ballye Shannon Pike,{181}
33.537162,-84.377597,Sr 138 @ Devonshire Dr,{191}
33.563039,-84.584636,W Broad St @ Senoia Rd,{181 180}
33.640531,-84.417144,Airport International Terminal - Arrivals,{191}
33.653694,-84.513784,Centre Pkwy @ 1200,{84}
33.756939,-84.388052,Peachtree St NE @ John Wesley Dobbs Ave NE,{40}
33.658464,-84.503924,N Commerce Dr @ Marketplace Blvd,{82 84}
33.621285,-84.352648,Jonesboro Rd @ Bartlett Rd,{55}
33.623791,-84.354049,Jonesboro Rd @ Watts Rd,{55}
33.625698,-84.354973,Jonesboro Rd @ Grace Dr,{55}
33.628643,-84.355886,Jonesboro Rd @ Old Jonesboro Rd,{55}
33.632215,-84.357276,Jonesboro Rd @ Ernest Dr,{55}
33.635249,-84.358884,Jonesboro Rd @ Thurman Rd,{55}
33.639295,-84.361057,Jonesboro Rd @ Conley Rd,{55}
33.643413,-84.363252,Jonesboro Rd @ Scott Rd,{55}
33.646671,-84.364773,Jonesboro Rd @ Ruskin Dr,{55}
33.619508,-84.362497,Forest Pky @ Ash St,{193}
33.843702,-84.42845,Howell Mill Rd NW @ 3280,{12}
33.843735,-84.428304,Howell Mill Rd NW @ 3280,{12}
33.754052,-84.391452,Five Points Station,{RED GOLD}
33.753899,-84.39156,Five Points Station,{RED GOLD}
33.750161,-84.385915,Georgia State Station,{GREEN BLUE}
33.749951,-84.375675,King Memorial Station,{GREEN BLUE}
33.772764,-84.252151,Kensington Station,{BLUE}
33.692593,-84.092323,Mall Pkwy @ 8109,{111 115}
33.918973,-84.348156,Hammond Dr @ 1145,{87 5}
33.733772,-84.211158,Covington Hwy @ Glenhaven Cir,{111 115}
33.570364,-84.539278,Shannon Pkwy @ Lancaster Ln,{181}
34.068665,-84.267777,Old Milton Pkwy @ Morris Rd,{185}
34.068951,-84.267548,Old Milton Pkwy @ Morris Rd,{185}
33.672799,-84.277819,Panthersville Rd @ River Rd,{15}
33.56586,-84.344098,Jonesboro Rd @ Commerce Rd,{193}
33.558952,-84.345812,Jonesboro Rd @ Citizens Pky,{193}
33.554392,-84.347113,Jonesboro Rd @ Battle Creek Rd,{193}
33.549614,-84.348355,Jonesboro Rd @ Southlake Cove Ct,{193}
33.537842,-84.351372,Jonesboro Rd @ Sr 138,{193}
33.553235,-84.35113,Battle Creek Rd @ Battlecreek Village Dr,{193}
33.553518,-84.355788,Battle Creek Rd @ Chase Village Dr,{193}
33.55361,-84.358763,Battle Creek Rd @ Chase Lake Dr,{193}
33.55567,-84.368458,Battle Creek Rd @ Howard Cir,{193}
33.550395,-84.37021,Tara Blvd @ N Carter Dr,{192 193}
33.543656,-84.368364,Tara Blvd @ Museum Cir,{192 193}
33.539315,-84.36612,Tara Blvd @ Sr 138,{192 193}
33.533238,-84.364348,Tara Blvd @ North Ave,{192 193}
33.538382,-84.36522,Tara Blvd @ Sr 138,{192 193}
33.545182,-84.368632,Tara Blvd @ N Main St SE,{192 193}
33.552148,-84.369985,Tara Blvd @ N Carter Dr,{192 193}
33.555512,-84.369745,Battle Creek Rd @ Tara Blvd,{193}
33.712052,-84.304405,Flat Shoals Rd @ Doris Dr,{74}
33.712114,-84.304275,Flat Shoals Rd @ Doris Dr,{74}
33.903095,-84.239558,Dawson Blvd NW @ Rutherford Glen Cir,{124}
33.740117,-84.168422,Panola Rd @ 1737,{117}
33.770232,-84.29269,S Candler St @ E College Ave,{15}
33.522595,-84.35582,Smith St @ N Main St,{193}
33.551793,-84.542663,Oakley Industrial Blvd @ Stalwart Dr,{188}
33.552402,-84.542188,Oakley Industrial Blvd @ Stalwart Dr,{188}
33.585942,-84.515778,Flat Shoals Rd @ Feldwood Rd,{181}
33.553463,-84.359132,Battle Creek Rd @ Tara Rd,{193}
33.553265,-84.355288,Battle Creek Rd @ Chase Village Dr,{193}
33.553102,-84.350515,Battle Creek Rd @ Cullen Dr,{193}
33.550313,-84.347934,Jonesboro Rd @ Southlake Cove Ct,{193}
33.555138,-84.346662,Jonesboro Rd @ Battle Creek Rd,{193}
33.559422,-84.345525,Jonesboro Rd @ Citizens Pky,{193}
33.640046,-84.392332,College St @ Charles W Grant Pkwy,{192 193}
33.640297,-84.393265,Charles W Grant Pkwy @ North St,{192}
33.518588,-84.363412,Tara Blvd @ Fayetteville Rd,{191 192 193}
33.64209,-84.391068,Old Dixie Hwy @ North St,{193}
33.637893,-84.390675,Old Dixie Hwy @ Brown Dr,{192 193}
33.637587,-84.390767,Old Dixie Hwy @ Brown Dr,{192 193}
33.632631,-84.389243,Old Dixie Hwy @ 4453,{192 193}
33.647047,-84.391243,Old Dixiie Hwy @ 3961,{193}
33.646752,-84.391085,Old Dixiie Hwy @ 3961,{193}
33.516622,-84.363545,Tara Blvd @ Flint River Rd,{191 192 193}
33.523803,-84.363133,Tara Blvd @ Smith St,{191 192 193}
33.609328,-84.40332,Sr 85 @ 5324,{191}
34.070401,-84.290502,Old Milton Pkwy @ 2365,{185}
34.070624,-84.289989,Old Milton Pkwy @ 2400,{185}
34.06862,-84.277853,Old Milton Pkwy @ Northwinds Pkwy,{185}
34.06884,-84.277165,Old Milton Pkwy @ Northwinds Pkwy,{185}
33.57915,-84.540123,Shannon Pkwy @ Shannon Blvd,{181}
33.848942,-84.315575,Clairmont Rd NE @ 3018,{19}
33.562236,-84.413759,Sr 85 @ Bethsaida Rd,{196 89}
33.562917,-84.413337,Sr 85 @ 7056,{196}
33.800771,-84.208972,Memorial Dr @ 5615,{121}
33.520888,-84.667271,Main St @ Jackson Ave,{180}
33.652152,-84.504074,Centre Pkwy @ N Commerce Dr,{84}
33.653907,-84.503361,N Commerce Dr @ Camp Creek Point,{84}
33.586667,-84.525089,Flat Shoals Rd @ Mallory Rd,{181}
33.651549,-84.511179,Centre Pkwy @ 3000,{66}
33.609462,-84.402994,Sr 85 @ 5324,{191}
33.621778,-84.369742,Forest Pky @ West St,{193}
33.621615,-84.370113,Forest Pkwy @ West St,{193}
33.670614,-84.308206,Bouldercrest Rd @ Flowerwood Trl,{15}
33.663578,-84.30659,Bouldercrest @ 3220,{15}
33.644557,-84.390517,Old Dixe Hwy @ 4099,{193}
33.644452,-84.390577,Old Dixe Hwy @ 4099,{193}
33.80104,-84.209342,Memorial Dr @ 5582,{121}
33.751776,-84.165376,Panola Rd @ Rockmoor Dr,{117}
33.751777,-84.165572,Panola Rd @ Rockmoor Dr,{117}
33.754632,-84.16549,Panola Rd @ 1305,{117}
33.697794,-84.155633,Fairington Pkwy @ Norfair Loop,{117}
33.524193,-84.36357,Tara Blvd @ 8425,{191 192 193}
33.701307,-84.457286,Delowe Dr SW @ Alison Ct,{81}
33.609124,-84.499662,Buffington Rd @ 5355,{181}
33.608608,-84.499646,Buffington Rd @ 5355,{181}
33.586914,-84.410208,Sr 85 @ Poplar Springs Rd,{196}
33.627323,-84.394562,Lake Mirror Rd @ Lake Mirror Pl,{193}
33.584358,-84.531564,Oakley Rd @ 6300,{181}
33.584372,-84.531792,Oakley Rd @ 6295,{181}
33.651813,-84.483477,Camp Creek Pkwy @ 2900,{82}
33.587508,-84.507272,Buffington Rd @ 6180,{181}
33.587122,-84.507528,Buffington Rd @ 6180,{181}
33.691589,-84.085781,Mall Pkwy @ Stonecrest Blvd,{111}
33.764409,-84.163947,S Stone Mountain Lithonia Rd @ 1054,{117}
33.764248,-84.164216,S Stone Mountain Lithonia Rd @ 1054,{117}
33.718987,-84.378675,Hill St SE @ Nolan St SE,{49}
33.581556,-84.540139,Shannon Pkwy @ Portsmouth Dr,{181}
33.645955,-84.450885,Roosevelt Hwy @ 4003,{82 180}
33.696541,-84.369633,Jonesboro Rd SE @ Harper Rd SE,{55}
33.690709,-84.355128,Valley View Rd SE @ Leila Ln SE,{4}
33.69122,-84.350892,Valley View Rd SE @ Regis Rd SE,{4}
33.690075,-84.349229,Moreland Ave SE @ Woodstock Rd SE,{49}
33.693252,-84.349545,Moreland Ave SE @ Constitution Rd SE,{4 49}
33.652268,-84.239158,Linecrest Rd @ Catalpa Way,{15}
33.681296,-84.388816,Macon Dr @ Cleveland Ave,{178}
33.555859,-84.50235,Jonesboro Rd @ Old Jonesboro Rd (w),{89}
33.662073,-84.471453,Washington Rd @ Herschel Rd,{181}
33.586753,-84.527803,Flat Shoals Rd @ 4300 (opposite),{181}
33.635405,-84.529414,Welcome All Rd @ 4365,{82}
33.660233,-84.476065,Washington Rd @ Charles Dr,{181}
33.572739,-84.363304,Mt Zion Rd @ King William Dr,{196}
33.572971,-84.36761,Mt Zion Rd @ Dorothy Ln,{196}
33.573068,-84.370376,Mt Zion Rd @ Tara Blvd,{196}
33.574061,-84.371624,Tara Blvd @ Mt Zion Rd,{196 192}
33.662435,-84.282397,Panthersville Rd @ Brittany Park Ln,{15}
33.666042,-84.28056,Panthersville Rd @ Fork Creek Church Rd,{15}
33.64825,-84.365377,Jonesboro Rd SE @ Conley Rd SE,{55}
33.650083,-84.359553,Conley Rd SE @ 925,{55}
33.614702,-84.35047,Forest Pkwy @ 1193,{193}
33.567958,-84.528636,Jonesboro Rd @ 4295,{89}
33.666072,-84.359972,Hutchens Rd SE @ 916,{55}
33.666707,-84.361428,Hutchens Rd SE @ 852,{55}
33.666322,-84.361091,Hutchens Rd SE @ 860,{55}
33.66812,-84.364132,Hutchens Rd SE @ Katomarick Dr SE,{55}
33.66846,-84.366641,Hutchens Rd SE @ Donnebrook Ln SE,{55}
33.669525,-84.367673,Hutchens Rd SE @ King Smith Rd SE,{55}
33.669837,-84.369856,Hutchens Rd SE @ 560,{55}
33.672021,-84.371878,Hutchens Rd SE @ Jonesboro Rd SE,{55}
33.618562,-84.559019,S Fulton Pkwy @ Stonewall Tell Rd,{82}
33.687909,-84.347143,Bailey St SE @ Woodstock Rd SE,{49}
33.687909,-84.347013,Bailey St SE @ Fayetteville Rd SE,{49}
33.590329,-84.426983,Riverdale Rd @ 6045,{191}
33.640933,-84.4054,Maynard H Jackson Jr Blvd @ S Loop Rd,{191}
33.714072,-84.164453,Lou Walker Senior Center,{117}
33.70382,-84.107804,Covington Hwy @ Klondike Rd,{111 115}
33.704576,-84.110412,Covington Hwy @ Amanda Dr,{115}
33.77365,-84.300165,W Trinity Pl @ Swanton Way,{15}
33.773738,-84.300574,Swanton Way @ W Triniy Pl,{15}
33.791827,-84.443528,Perry Blvd @ Habershal Dr,{26}
33.747512,-84.395613,Peachtree St SW @ Brotherton Transportation Mall,{40}
33.581794,-84.540328,Shannon Pkwy @ Portsmouth Dr,{181}
33.70357,-84.150992,Hillandale Dr @ 5850,{111}
33.648787,-84.503323,N Commerce Dr @ 3909,{84}
33.772769,-84.295058,E Trinity Pl @ Church St,{15}
33.62007,-84.381605,Forest Pkwy @ Old Dixie Rd,{193}
33.619803,-84.364172,Forest Pkwy @ Lake Dr,{193}
33.505605,-84.360157,Justice Center Bus Transit Station,{191 192 193}
33.570337,-84.404116,Valley Hill Rd SW @ Lamar Hutcheson Pkwy,{89 191}
33.578727,-84.415383,Church St @ King Rd,{191}
33.574525,-84.537792,Resurrection Way @ Londonderry Way,{181}
33.618192,-84.35863,Forest Pky @ Maple Dr,{55 193}
33.616111,-84.349641,Jonesboro Rd @ Metcalf Rd,{55}
33.618698,-84.35064,Jonesboro Rd @ Main St,{55}
33.618689,-84.352257,Main St @ Jonesboro Rd,{55}
33.619189,-84.355838,Main St @ Phillips Dr,{55}
33.620038,-84.360657,Main St @ College St,{55}
33.613353,-84.349112,Jonesboro Rd @ Forest Pky,{193}
33.606875,-84.343297,Jonesboro Rd @ Kenyon Rd,{193}
33.598409,-84.338409,Jonesboro Rd @ Harper Dr,{193}
33.60136,-84.339595,Jonesboro Rd @ Lakeland Cir,{193}
33.607358,-84.343573,Jonesboro Rd @ Kenyon Rd,{193}
33.618656,-84.383386,Old Dixie Rd @ 4980,{192}
33.615517,-84.383271,Old Dixie Rd @ Barnett Rd,{192}
33.611247,-84.382259,Old Dixie Rd @ Agnew Dr,{192}
33.607371,-84.381138,Old Dixie Rd @ Penney Rd,{192}
33.603522,-84.380029,Old Dixie Rd @ Brecken Ridge,{192}
33.600219,-84.379137,Old Dixie Rd @ Southpark Dr,{192}
33.59782,-84.37843,Old Dixie Rd @ Johnson Rd,{192}
33.595546,-84.377745,Old Dixie Rd @ Sylvia Dr,{192}
33.591043,-84.377037,Old Dixie Rd @ Morrow Rd,{192}
33.587694,-84.378043,Old Dixie Rd @ Old Dixie Way,{192}
33.582753,-84.37663,Old Dixie Rd @ Upper Riverdale Rd,{192}
33.579817,-84.374296,Old Dixie Rd @ Holiday Blvd,{192}
33.576407,-84.372634,Tara Blvd @ Arrowhead Blvd,{196 192}
33.573488,-84.371971,Tara Blvd @ Parkwood Way,{192}
33.703,-84.167249,Fairington Rd @ 5445,{86}
33.711309,-84.454717,Centra Villa Dr @ Honeysuckle Ln,{81}
33.587017,-84.519583,Flat Shoals Rd @ Shenfield Ln,{181}
33.563503,-84.344692,Jonesboro Rd @ Southern Rd,{193}
33.705886,-84.28551,Lloyd Rd @ Flat Shoals Rd,{74}
33.705807,-84.285274,Flat Shoals Rd @ Lloyd Rd,{74}
33.707392,-84.285436,Lloyd Rd @ Williamsburg Dr,{74}
33.708153,-84.285479,Lloyd Rd @ Corner Stone Trl,{74}
33.70954,-84.284946,Lloyd Rd @ Cavalier Dr,{74}
33.709925,-84.284957,Lloyd Rd @ Cavalier Dr,{74}
33.554225,-84.370745,Tara Blvd @ Battle Creek Rd,{192 193}
33.63244,-84.389193,Old Dixie Hwy @ 4453,{192 193}
33.755497,-84.236759,Covington Hwy @ Redwing Cir,{115}
33.555881,-84.46683,Old National Hwy @ Dalton Park,{89}
33.787126,-84.196355,Rockbridge Rd @ N Hairston Rd,{117}
33.702726,-84.167895,Fairington Rd @ 5425,{86}
33.618953,-84.560551,S Fulton Pkwy @ Stonewall Tell Rd,{82}
33.763566,-84.455228,Joseph E Boone Blvd @ Aurora Ave NW,{51}
33.711831,-84.215015,E Wesley Chapel Way @ 4300,{186}
33.711029,-84.210116,E Wesley Chapel Way @ Snapfinger Woods Dr,{186}
33.739929,-84.168444,Panola Rd @ 1737,{117}
33.676985,-84.440704,East Point Station,{RED GOLD}
33.766811,-84.306573,W Howard Ave @ Adair St,{19}
33.766127,-84.308849,W Howard Ave @ Drexel Ave,{19}
33.7655,-84.312426,W Howard Ave @ Paden Cir,{19}
33.765361,-84.312222,W Howard Ave @ Paden Cir,{19}
33.766512,-84.312187,E Lake Rd @ Paden Cir,{2}
33.766225,-84.311828,E Lake Dr @ Paden Cir,{2}
33.76756,-84.317079,E Lake Rd @ Ridgecrest Rd,{2}
33.767542,-84.316873,E Lake Rd @ Ridgecrest Rd,{2}
33.769636,-84.319287,E Lake Rd @ 2086,{2}
33.769502,-84.31933,E Lake Rd @ 2085,{2}
33.845307,-84.358387,Lenox Station,{GOLD}
33.642368,-84.502323,N Commerce Dr @ Logistics Way,{84}
33.838531,-84.238333,Northlake Pkwy @ Lawrenceville Hwy,{125}
33.857424,-84.191025,Mountain Industrial Blvd @ S Royal Atlanta Dr,{121}
33.673927,-84.308737,Bouldercrest Rd @ Boulder Hills Dr,{15}
33.732466,-84.198195,Covington Hwy @ Lenox Ave,{111 115}
33.734234,-84.213125,Covington Hwy @ Wesley Chapel Rd,{111 115}
33.695895,-84.088589,Turner Hill Rd @ Stonecrest Pky E,{115}
33.69244,-84.088632,Turner Hill Rd @ Mall Pky,{115}
33.691538,-84.089226,Mall Pkwy @ Turner Hill Rd,{111}
33.652022,-84.502907,N Commerce Dr @ Centre Pkwy,{84}
33.560604,-84.416968,Church St @ Bethsaida Rd,{196 89}
33.557919,-84.41627,Church St @ Town Center Dr,{196 89}
33.560983,-84.413541,Sr 85 @ Lamar Hutcheson Pkwy,{196 191}
33.559845,-84.413995,Sr 85 @ 7145,{196 191}
33.558384,-84.416304,Church St @ Town Center Dr,{196 89}
33.560407,-84.416837,Church St @ Bethsaida Rd,{196 89}
33.560976,-84.410982,Lamar Hutcheson Pky @ 658,{196 191 89}
33.565043,-84.40808,Lamar Hutcheson Pky @ Roberts Dr,{196 191 89}
33.56835,-84.403322,Xpress - Riverdale Park & Ride,{89}
33.572585,-84.402903,Lamar Hutcheson Pky @ Upper Riverdale Rd SW,{196}
33.570973,-84.402804,Lamar Hutcheson Pky @ Valley Hill Rd SW,{196}
33.564783,-84.408459,Lamar Hutcheson Pkwy @ Roberts Dr,{196 191}
33.561182,-84.410884,Lamar Hutcheson Pky @ 618,{196 191}
33.574181,-84.399195,Upper Riverdale Rd SW @ Stayman Dr,{196}
33.767115,-84.361801,Ralph Mcgill Blvd @ 760,{816}
33.709223,-84.302461,Flat Shoals Rd @ Rockdale Dr,{74}
33.709043,-84.302146,Flat Shoals Rd @ Rockdale Dr,{74}
33.707638,-84.300886,Flat Shoals Rd @ Leafwood Trl,{74}
33.707736,-84.30081,Flat Shoals Rd @ Leafwood Trl,{74}
33.640817,-84.36198,Jonesboro Rd @ 4161,{55}
33.64105,-84.361926,Jonesboro Rd @ 4161,{55}
33.732035,-84.113064,S Stone Mountain Lithonia Rd @ Chapman Rd,{116}
33.575841,-84.394283,Upper Riverdale Rd SW @ Roy Huie Rd,{196}
33.577984,-84.388634,Upper Riverdale Rd SW @ Hayes Dr,{196}
33.579114,-84.384394,Upper Riverdale Rd @ Arrowhead Blvd,{196}
33.579894,-84.38152,Upper Riverdale Rd @ 276,{196}
33.58114,-84.378863,Upper Riverdale Rd @ Lees Mill Rd,{196}
33.58183,-84.378538,Upper Riverdale Rd @ Lees Mill Rd,{196}
33.580082,-84.38126,Upper Riverdale Rd @ 281,{196}
33.579534,-84.383295,Upper Riverdale Rd @ Arrowhead Blvd,{196}
33.57784,-84.389448,Upper Riverdale Rd SW @ Hayes Dr,{196}
33.575742,-84.394696,Upper Riverdale Rd SW @ Roy Huie Rd,{196}
33.574262,-84.399326,Upper Riverdale Rd SW @ River Park Dr,{196}
33.578796,-84.374219,Tara Blvd @ Old Dixie Rd,{196}
33.572937,-84.370282,Mt Zion Rd @ Tara Blvd,{196}
33.572827,-84.367241,Mt Zion Rd @ Dorothy Ln,{196}
33.572579,-84.362013,Mt Zion Rd @ King Williams Dr,{196}
33.665966,-84.355759,Hutchens Rd SE @ Forrest Park Rd SE,{55}
33.695482,-84.418299,Sylvan Rd @ Sampler Way,{172}
33.5844,-84.539767,Flat Shoals Rd @ Dodson Rd,{181}
33.653073,-84.39885,Porsche Ave @ Porsche Dr,{193}
33.65331,-84.399515,Porsche Ave @ Porsche Dr,{193}
34.068122,-84.263186,Old Milton Pkwy @ North Point Pkwy,{185}
33.619832,-84.54587,S Fulton Pkwy @ Mason Rd,{82}
33.721995,-84.378569,Hill St SE @ Englewood Ave SE,{49}
33.735991,-84.565001,West Park Pl @ Westpark Dr,{73}
33.858431,-84.183796,N Royal Atlanta Dr @ Commerce Pl,{121}
33.634268,-84.498865,N Commerce Dr @ 4909,{84}
33.641017,-84.456023,W Point Ave @ Lesley Dr,{89}
33.640883,-84.456012,W Point Ave @ Lesley Dr,{89}
33.595248,-84.337353,Jonesboro Rd @ Westwood Way,{193}
33.588829,-84.338094,Jonesboro Rd @ Reynolds Rd,{193}
33.584377,-84.339258,Jonesboro Rd @ Morrow Rd,{193}
33.58092,-84.340153,Jonesboro Rd @ John Robert Dr,{193}
33.570467,-84.343045,Jonesboro Rd @ Mt Zion Rd,{193}
33.564477,-84.344182,Jonesboro Rd @ Southern Rd,{193}
33.580272,-84.340087,Jonesboro Rd @ John Robert Dr,{193}
33.58817,-84.337983,Jonesboro Rd @ Reynolds Rd,{193}
33.849006,-84.194479,Flintstone Dr @ Hugh Howell Rd,{121}
33.849186,-84.195175,Hugh Howell Rd @ Flintstone Dr,{121}
33.67365,-84.277601,Panthersville Rd @ River Rd,{15}
33.674485,-84.283726,River Rd @ River Lake Shore,{15}
33.67591,-84.29123,River Rd @ Deer Spring Dr,{15}
33.675286,-84.296252,River Rd @ 2330,{15}
33.674025,-84.304459,River Rd @ Telstar Dr,{15}
33.675484,-84.307412,River Rd @ Bouldercrest Rd,{15}
33.660659,-84.302909,Bouldercrest Rd @ Clark St,{15}
33.66047,-84.299739,Bouldercrest Rd @ Cedar Valley Ln,{15}
33.659448,-84.293354,Bouldercrest Rd @ Loveless Dr,{15}
33.658794,-84.289728,Bouldercrest Rd @ Bouldercrest Park Rd,{15}
33.553163,-84.346606,Battle Creek Rd @ Old Morrow Rd,{193}
33.553353,-84.346252,Battle Creek Rd @ Old Morrow Rd,{193}
33.553162,-84.339997,Southlake Pkwy @ Battle Creek Rd,{193}
33.553647,-84.339537,Southlake Pkwy @ Battle Creek Rd,{193}
33.555493,-84.338778,Southlake Pkwy @ Marquis Way,{193}
33.558602,-84.338123,Southlake Pkwy @ 7188,{193}
33.560071,-84.33803,Southlake Pkwy @ 7139,{193}
33.563052,-84.337513,Southlake Pkwy @ Indian Lake Dr,{193}
33.56216,-84.337525,Southlake Pkwy @ Claridge Park Dr,{193}
33.564607,-84.337163,Southlake Pkwy @ Spring Lake Dr,{193}
33.567518,-84.337587,Southlake Pkwy @ Barton Rd,{193}
33.567792,-84.33743,Southlake Pkwy @ Nolan Ct,{193}
33.570638,-84.337928,Southlake Pkwy @ Mt Zion Rd,{193}
33.569388,-84.337768,Southlake Pkwy @ Mt Zion Rd,{193}
33.573237,-84.338693,Southlake Pkwy @ 1533,{193}
33.573253,-84.338282,Southlake Pkwy @ 1533,{193}
33.573309,-84.340901,Southlake Pkwy @ S Lee St,{193}
33.757113,-84.166637,Redan Rd @ 5565,{116}
33.648261,-84.490606,Washington Rd @ Laurel Ridge Dr,{181 84}
33.74984,-84.383088,Decatur St @ Pratt St SE,{186}
33.595318,-84.337008,Jonesboro Rd @ Clayton State Blvd,{193}
33.506622,-84.354412,Tara Blvd @ Deputy Rick Daly Memorial Blvd,{191 192 193}
33.527995,-84.363405,Tara Blvd @ Dixon Rd,{191 192 193}
33.52098,-84.363693,Tara Blvd @ Robert E Lee Pky,{191 192 193}
33.513803,-84.36098,Tara Blvd @ Sr 54,{191 192 193}
33.528842,-84.363118,Tara Blvd @ Dixon St,{191 192 193}
33.537878,-84.351145,Jonesboro Rd @ Sr 138,{193}
33.542187,-84.350085,Jonesboro Rd @ Raymond St,{193}
33.541507,-84.350435,Jonesboro Rd @ Duncan Rd,{193}
33.531273,-84.354122,Jonesboro Rd @ W Mimosa Dr,{193}
33.570022,-84.342717,Jonesboro Rd @ Mt Zion Rd,{193}
33.553918,-84.414249,Sr 85 @ Rountree Rd,{191}
33.554348,-84.414488,Sr 85 @ Church St,{89 191}
33.570524,-84.404821,Valley Hill Rd SW @ Lamar Hutcheson Pky,{191}
33.572321,-84.408467,Valley Hill Rd SW @ Camp St,{89 191}
33.57225,-84.40812,Valley Hill Rd SW @ Delta Dr,{191}
33.572471,-84.412036,Valley Hill Rd SW @ Sr 85,{191}
33.572712,-84.413012,Main St @ Sr 85,{191}
33.575307,-84.41449,Church St @ Howard St,{191}
33.575415,-84.414566,Church St Howard St,{191}
33.664753,-84.467253,Washington Rd @ Abbey Rd,{181}
33.679591,-84.440122,Main St @ Cleveland Ave,{81}
33.690968,-84.471846,Bryant Dr @ Headland Dr,{81}
33.654937,-84.484187,Washington Rd @ Arlington Rd,{181 84}
33.654972,-84.484275,Washington Rd @ Arlington Rd,{181 84}
33.582022,-84.530392,Oakley Rd @ Crest Way,{181}
33.599488,-84.337345,Harper Dr @ Jonesboro Rd,{193}
33.596507,-84.333985,N Lake Dr @ Clayton State Blvd,{193}
33.858281,-84.188933,Mountain Industrial Blvd @ N Royal Atlanta Dr,{121}
33.848244,-84.200967,Mountain Industrial Blvd @ Hugh Howell Rd,{121}
33.856895,-84.197807,Mountain Industrial Blvd @ Tuckestone Pkwy,{121}
33.845326,-84.201004,Mountain Industrial Blvd @ Granite Dr,{121}
33.840475,-84.201012,Mountain Industrial Blvd @ Hammermill Rd (n),{121}
33.84878,-84.200846,Mountain Industrial Blvd @ Hugh Howell Rd,{121}
33.857221,-84.193278,Mountain Industrial Blvd @ 2605,{121}
33.804915,-84.239328,N Indian Creek Dr @ Rogers St,{125}
33.77117,-84.39898,North Ave NW @ State St NW,{50}
33.598114,-84.498517,Buffington Rd @ Sable Chase Ln,{181}
33.646133,-84.503322,N Commerce Dr @ 4100,{84}
33.648438,-84.503072,N Commerce Dr @ 3900,{84}
33.578807,-84.415525,Church St @ King Rd,{191}
33.621103,-84.383278,Old Dixie Rd @ Forest Pkwy,{192 193}
33.627435,-84.385902,Old Dixie Hwy @ Lake Mirror Rd,{192 193}
33.627188,-84.385655,Old Dixie Hwy @ Lake Mirror Rd,{192 193}
33.734733,-84.562595,S Westpark Dr @ 4125,{73}
33.734941,-84.557433,S Westpark Dr @ Gwaltney Dr,{73}
33.772213,-84.417281,Fox St @ Joseph E Lowery Blvd,{50}
33.772231,-84.414033,Fox St @ Paines Ave,{50}
33.772842,-84.40895,Northside Dr @ Travis St,{50}
33.703662,-84.355448,Kipling St @ Henry Thomas Dr,{49}
33.846249,-84.25563,Henderson Mill Rd @ Lavista Rd,{125}
33.757864,-84.393433,Marietta St @ Centennial Olympic Park Dr,{26}
33.763962,-84.452934,Joseph E Boone Blvd @ 2015,{51}
33.583478,-84.419294,Church St @ Steeplechase Ln,{191}
33.582968,-84.418838,Church St @ Steeplechase Ln,{191}
33.555896,-84.415401,Church St @ Mcelroy Dr,{196 89}
33.555726,-84.415346,Church St @ Mcelroy Dr,{196 89}
33.709381,-84.217898,Wesley Chapel Rd @ E Side Dr,{186}
33.656312,-84.235907,River Rd @ Bosenberry Way,{15}
33.854356,-84.209535,Lawrenceville Hwy @ Lynburn Dr,{124}
33.67255,-84.500602,Stone Rd SW @ N Camp Creek Pky SW,{66}
33.749673,-84.394135,Peachtree St SW @ Trinity Ave SW,{40}
33.691641,-84.08782,Mall Pkwy @ Turner Hill Rd,{111}
33.694461,-84.083398,Mall Pkwy @ 8424,{111}
33.69396,-84.08375,Mall Pkwy @ 8424,{111}
33.69714,-84.087282,Stonecrest Pkwy E @ Turner Hill Rd,{111}
33.696984,-84.086989,Stonecrest Pkwy @ Turner Hill Rd,{111}
33.712123,-84.393339,Meldon Ave @ Pryor Rd,{42}
33.711507,-84.390231,Meldon Ave @ Troup St,{42}
33.711552,-84.390144,Troup St @ Meldon Ave,{42}
33.712904,-84.389776,Moury Ave @ Middleton St,{42}
33.714407,-84.391407,Moury Ave @ Thirkeld,{42}
33.736925,-84.396785,Ralph D Abernathy Blvd @ Cooper St,{49}
33.736836,-84.395535,Ralph David Abernathy Blvd @ Formwalt St,{42 49}
33.706626,-84.129696,Chupp Rd @ Lithonia Industrial Blvd,{111}
33.626217,-84.409284,Clark Howell Hwy @ Azar Pl,{191}
33.803979,-84.310636,Clairmont Rd @ 1751,{19}
33.625322,-84.409153,Clark Howell Hwy @ Cordell Dr,{191}
33.622798,-84.408564,Clark Howell Hwy @ Old Clark Howell Hwy,{191}
33.662476,-84.429585,Bobby Brown Pkwy @ Cambridge Ave,{192}
33.657678,-84.418645,Perry J Hudson Pkwy @ Rainey Ave,{192}
33.65277,-84.409074,N Inner Loop Rd @ Union Ave,{192}
33.657884,-84.418624,N Outer Loop Rd @ Rainey Ave,{192}
33.662252,-84.42952,Bobby Brown Pkwy @ Cambridge Ave,{192}
33.573598,-84.341378,Southlake Pkwy @ S Lee St,{193}
33.795873,-84.324616,Michael St @ Houston Mill Rd,{816}
33.763516,-84.403592,Joseph E Boone Blvd @ Edwards St NW,{51}
33.771232,-84.250064,Memorial Dr @ 4203,{21}
33.77336,-84.371134,Boulevard NE @ Ponce De Leon Ave,{102}
33.70235,-84.094218,Covington Hwy @ Swift St,{111 115}
33.702225,-84.093317,Covington Hwy @ 8034,{111 115}
33.703284,-84.103896,Covington Hwy @ Cagle St,{111 115}
33.703473,-84.104506,Covington Hwy @ Cagle St,{111 115}
33.801285,-84.461893,Abner Ter NW @ Mary George Ave NW,{26}
33.619579,-84.533085,S Fulton Pkwy @ Majestic Pl,{82}
33.781552,-84.474431,Hightower Rd @ 954,{60}
33.747737,-84.383467,Martin L King Jr Dr @ Martin St,{107}
33.747658,-84.379532,Hill St @ Martin L King Jr Dr,{186}
33.765882,-84.309224,W College Ave @ Drexel Ave,{19}
33.731988,-84.337918,Flat Shoals Ave @ Cloverdale Dr,{74}
33.580842,-84.376116,Tara Blvd @ 6351,{196}
33.652404,-84.508406,Centre Pkwy @ 3201,{84}
33.652486,-84.508027,Centre Pkwy @ 3201,{66}
33.769533,-84.252056,Covington Hwy @ 3408,{115}
33.574683,-84.5369,Resurrection Way @ Londonderry Way,{181}
33.687377,-84.360308,Hargis St SE @ Forrest Park Rd SE,{4}
33.672625,-84.425381,Calhoun Ave @ John Freeman Way,{192}
33.703313,-84.354937,Turner Rd SE @ Kipling St SE,{4}
33.904151,-84.240254,Button Gwinnett Dr @ 4550,{124}
33.705268,-84.11205,Covington Hwy @ Davidson Dr,{115}
33.626026,-84.578584,Derrick Industrial Pkwy @  Derrick Industrial Dr,{82}
33.618102,-84.357673,Forest Pky @ Phillips Dr,{193}
33.706508,-84.129799,Chupp Rd @ Lithonia Industrial Blvd,{111}
33.566453,-84.524338,Oakley Industrial Blvd @ Jonesboro Rd,{188}
33.529778,-84.60195,Clorox Company,{188}
33.533115,-84.574921,Fairburn Park & Ride,{188}
33.565867,-84.524542,Oakley Industrial Blvd @ Jonesboro Rd,{188}
33.558622,-84.531979,Oakley Industrial Blvd @ Oakley Rd,{188}
33.558436,-84.531991,Oakley Industrial Blvd @ Oakley Rd,{188}
33.554602,-84.539432,Oakley Industrial Blvd @ Coates Dr,{188}
33.554554,-84.539306,Oakley Industrial Blvd @ Coates Dr,{188}
33.542716,-84.574805,Oakley Industrial Blvd @ Ella Ln,{188}
33.542539,-84.577437,Oakley Industrial Blvd @ Senoia Rd,set()
33.600318,-84.549276,Camp Dr @ Stonewall Tell Rd,{180}
33.590719,-84.500481,Buffington Rd @ Birdseye Trl,{181}
33.678356,-84.463916,Lancaster Dr @ 2839,{81}
33.51323,-84.36099,Tara Blvd @ Sr 54,{191 192 193}
33.55651,-84.338727,Southlake Pkwy @ April Ln,{193}
33.58391,-84.339103,Jonesboro Rd @ Lake Harbin Rd,{193}
33.769451,-84.516281,Wendell Dr @ Martin L King Jr Dr NW,{73}
33.769586,-84.516075,Wendell Dr @ Martin L King Jr Dr NW,{73}
33.658005,-84.286124,Panthersville Rd @ Bouldercrest Rd,{15}
33.572949,-84.348944,Merchants Way @ Exchange Pl,{196}
33.68919,-84.341061,Constitution Rd SE @ 1224,{49}
33.688912,-84.341082,Constitution Rd SE @ 1224,{49}
33.86168,-84.307904,Buford Hwy NE @ 4061,{39}
33.706407,-84.168119,Hillandale Dr @ Panola Rd,{111}
33.764118,-84.397505,Ivan Allen Jr Blvd @ Marietta St,{51}
33.741919,-84.358126,Bill Kennedy Way SE @ Faith Ave SE,{107}
33.774953,-84.162568,S Stone Mountain Lithonia Rd @ Southland Dr,{117}
33.775367,-84.162316,S Stone Mountain Lithonia Rd @ Southland Dr,{117}
34.020433,-84.321221,Market Way @ Holcomb Bridge Rd,{185}
33.531768,-84.353815,Jonesboro Rd @ W Mimosa Dr,{193}
33.572756,-84.414563,Main St @ West St,{191}
33.726029,-84.585031,Boat Rock Blvd @ Fulton Ind Blvd,{73}
